Country,first_year_train,last_year_train,Sex,max_age,nn_layers,latent_dim,Forecast horizon,Log score,Date,Time
sweden,1935,1994,Male,100,1,4,1,753.260520799898,11/03/2023,09:37:53
sweden,1935,1994,Male,100,1,4,2,756.5056420698969,11/03/2023,09:37:53
sweden,1935,1994,Male,100,1,4,3,814.5887455161045,11/03/2023,09:37:53
sweden,1935,1994,Male,100,1,4,4,843.6393193932956,11/03/2023,09:37:53
sweden,1935,1994,Male,100,1,4,5,824.8209044514815,11/03/2023,09:37:53
sweden,1935,1994,Male,100,1,4,6,837.760283510062,11/03/2023,09:37:53
sweden,1935,1994,Male,100,1,4,7,814.7698676138152,11/03/2023,09:37:53
sweden,1935,1994,Male,100,1,4,8,821.5565301373706,11/03/2023,09:37:53
sweden,1935,1994,Male,100,1,4,9,833.2483174612072,11/03/2023,09:37:53
sweden,1935,1994,Male,100,1,4,10,874.7911896985488,11/03/2023,09:37:53
sweden,1933,1992,Male,100,1,5,1,731.6664582165013,11/03/2023,09:38:17
sweden,1933,1992,Male,100,1,5,2,727.1246757305623,11/03/2023,09:38:17
sweden,1933,1992,Male,100,1,5,3,737.3149919944034,11/03/2023,09:38:17
sweden,1933,1992,Male,100,1,5,4,737.8103606305921,11/03/2023,09:38:17
sweden,1933,1992,Male,100,1,5,5,782.5396718415129,11/03/2023,09:38:17
sweden,1933,1992,Male,100,1,5,6,813.4420539091766,11/03/2023,09:38:17
sweden,1933,1992,Male,100,1,5,7,825.9175706144638,11/03/2023,09:38:17
sweden,1933,1992,Male,100,1,5,8,828.0407741164008,11/03/2023,09:38:17
sweden,1933,1992,Male,100,1,5,9,808.8870386905784,11/03/2023,09:38:17
sweden,1933,1992,Male,100,1,5,10,817.5913765355483,11/03/2023,09:38:17
sweden,1934,1993,Male,100,1,6,1,676.1621451317757,11/03/2023,09:38:29
sweden,1934,1993,Male,100,1,6,2,700.526092683406,11/03/2023,09:38:29
sweden,1934,1993,Male,100,1,6,3,760.4662741486843,11/03/2023,09:38:29
sweden,1934,1993,Male,100,1,6,4,887.198941126666,11/03/2023,09:38:29
sweden,1934,1993,Male,100,1,6,5,890.1383747022371,11/03/2023,09:38:29
sweden,1934,1993,Male,100,1,6,6,868.7611562444155,11/03/2023,09:38:29
sweden,1934,1993,Male,100,1,6,7,850.1977524169534,11/03/2023,09:38:29
sweden,1934,1993,Male,100,1,6,8,818.2545478081199,11/03/2023,09:38:29
sweden,1934,1993,Male,100,1,6,9,821.134895049903,11/03/2023,09:38:29
sweden,1934,1993,Male,100,1,6,10,826.1934125587727,11/03/2023,09:38:29
sweden,1935,1994,Male,100,1,7,1,681.1145764459462,11/03/2023,09:38:29
sweden,1935,1994,Male,100,1,7,2,774.6434872561125,11/03/2023,09:38:29
sweden,1935,1994,Male,100,1,7,3,1001.3182591754193,11/03/2023,09:38:29
sweden,1935,1994,Male,100,1,7,4,1092.903058961306,11/03/2023,09:38:29
sweden,1935,1994,Male,100,1,7,5,952.1028556273069,11/03/2023,09:38:29
sweden,1935,1994,Male,100,1,7,6,889.3162538685666,11/03/2023,09:38:29
sweden,1935,1994,Male,100,1,7,7,819.4352427474348,11/03/2023,09:38:29
sweden,1935,1994,Male,100,1,7,8,814.2238685772462,11/03/2023,09:38:29
sweden,1935,1994,Male,100,1,7,9,820.5739653611024,11/03/2023,09:38:29
sweden,1935,1994,Male,100,1,7,10,838.6134740204151,11/03/2023,09:38:29
sweden,1934,1993,Male,100,1,3,1,825.634003158578,11/03/2023,09:39:02
sweden,1934,1993,Male,100,1,3,2,832.2362703876439,11/03/2023,09:39:02
sweden,1934,1993,Male,100,1,3,3,823.7374827531428,11/03/2023,09:39:02
sweden,1934,1993,Male,100,1,3,4,884.176161609929,11/03/2023,09:39:02
sweden,1934,1993,Male,100,1,3,5,908.6151397453625,11/03/2023,09:39:02
sweden,1934,1993,Male,100,1,3,6,1000.7979280374155,11/03/2023,09:39:02
sweden,1934,1993,Male,100,1,3,7,997.9720788329709,11/03/2023,09:39:02
sweden,1934,1993,Male,100,1,3,8,925.5256586005164,11/03/2023,09:39:02
sweden,1934,1993,Male,100,1,3,9,996.0123435639597,11/03/2023,09:39:02
sweden,1934,1993,Male,100,1,3,10,927.219512938045,11/03/2023,09:39:02
sweden,1933,1992,Male,100,1,3,1,965.8006899753105,11/03/2023,09:40:49
sweden,1933,1992,Male,100,1,3,2,876.2010178141386,11/03/2023,09:40:49
sweden,1933,1992,Male,100,1,3,3,849.3671454354666,11/03/2023,09:40:49
sweden,1933,1992,Male,100,1,3,4,807.9857068070302,11/03/2023,09:40:49
sweden,1933,1992,Male,100,1,3,5,821.8173833134641,11/03/2023,09:40:49
sweden,1933,1992,Male,100,1,3,6,840.5445280192746,11/03/2023,09:40:49
sweden,1933,1992,Male,100,1,3,7,923.3634379674512,11/03/2023,09:40:49
sweden,1933,1992,Male,100,1,3,8,947.3376452875167,11/03/2023,09:40:49
sweden,1933,1992,Male,100,1,3,9,880.363965196128,11/03/2023,09:40:49
sweden,1933,1992,Male,100,1,3,10,958.246256539392,11/03/2023,09:40:49
sweden,1933,1992,Male,100,1,4,1,846.0494087549578,11/03/2023,09:40:58
sweden,1933,1992,Male,100,1,4,2,788.6131696559918,11/03/2023,09:40:58
sweden,1933,1992,Male,100,1,4,3,788.9604525697033,11/03/2023,09:40:58
sweden,1933,1992,Male,100,1,4,4,748.5154031271317,11/03/2023,09:40:58
sweden,1933,1992,Male,100,1,4,5,764.055404350628,11/03/2023,09:40:58
sweden,1933,1992,Male,100,1,4,6,783.3473742275635,11/03/2023,09:40:58
sweden,1933,1992,Male,100,1,4,7,791.2719516018757,11/03/2023,09:40:58
sweden,1933,1992,Male,100,1,4,8,803.682365543153,11/03/2023,09:40:58
sweden,1933,1992,Male,100,1,4,9,797.7107565537983,11/03/2023,09:40:58
sweden,1933,1992,Male,100,1,4,10,812.0323558538772,11/03/2023,09:40:58
sweden,1934,1993,Male,100,1,4,1,743.610267570168,11/03/2023,09:41:10
sweden,1934,1993,Male,100,1,4,2,742.6641775908895,11/03/2023,09:41:10
sweden,1934,1993,Male,100,1,4,3,755.3433886342473,11/03/2023,09:41:10
sweden,1934,1993,Male,100,1,4,4,813.9285795120857,11/03/2023,09:41:10
sweden,1934,1993,Male,100,1,4,5,828.2275283179954,11/03/2023,09:41:10
sweden,1934,1993,Male,100,1,4,6,829.4705347600919,11/03/2023,09:41:10
sweden,1934,1993,Male,100,1,4,7,841.708587274869,11/03/2023,09:41:10
sweden,1934,1993,Male,100,1,4,8,832.0632655047859,11/03/2023,09:41:10
sweden,1934,1993,Male,100,1,4,9,838.5131501653651,11/03/2023,09:41:10
sweden,1934,1993,Male,100,1,4,10,848.7989719627367,11/03/2023,09:41:10
sweden,1933,1992,Male,100,1,6,1,736.7680656912098,11/03/2023,09:41:42
sweden,1933,1992,Male,100,1,6,2,727.8812270798626,11/03/2023,09:41:42
sweden,1933,1992,Male,100,1,6,3,743.8409876228893,11/03/2023,09:41:42
sweden,1933,1992,Male,100,1,6,4,732.1164495370422,11/03/2023,09:41:42
sweden,1933,1992,Male,100,1,6,5,761.8471838273,11/03/2023,09:41:42
sweden,1933,1992,Male,100,1,6,6,782.4708982888664,11/03/2023,09:41:42
sweden,1933,1992,Male,100,1,6,7,790.0477744283994,11/03/2023,09:41:42
sweden,1933,1992,Male,100,1,6,8,798.6718964188261,11/03/2023,09:41:42
sweden,1933,1992,Male,100,1,6,9,797.3155171055729,11/03/2023,09:41:42
sweden,1933,1992,Male,100,1,6,10,806.287827830807,11/03/2023,09:41:42
sweden,1935,1994,Male,100,1,5,1,682.7146464309121,11/03/2023,09:41:50
sweden,1935,1994,Male,100,1,5,2,776.886006067883,11/03/2023,09:41:50
sweden,1935,1994,Male,100,1,5,3,933.3676644877808,11/03/2023,09:41:50
sweden,1935,1994,Male,100,1,5,4,883.8853153395,11/03/2023,09:41:50
sweden,1935,1994,Male,100,1,5,5,847.5440770636541,11/03/2023,09:41:50
sweden,1935,1994,Male,100,1,5,6,842.0093880838521,11/03/2023,09:41:50
sweden,1935,1994,Male,100,1,5,7,820.0200103613155,11/03/2023,09:41:50
sweden,1935,1994,Male,100,1,5,8,816.5847384067013,11/03/2023,09:41:50
sweden,1935,1994,Male,100,1,5,9,824.3161885652992,11/03/2023,09:41:50
sweden,1935,1994,Male,100,1,5,10,846.7037332646546,11/03/2023,09:41:50
sweden,1934,1993,Male,100,1,7,1,683.3076835791536,11/03/2023,09:42:53
sweden,1934,1993,Male,100,1,7,2,708.816717650463,11/03/2023,09:42:53
sweden,1934,1993,Male,100,1,7,3,763.762813808531,11/03/2023,09:42:53
sweden,1934,1993,Male,100,1,7,4,833.2532087572031,11/03/2023,09:42:53
sweden,1934,1993,Male,100,1,7,5,845.8928061393804,11/03/2023,09:42:53
sweden,1934,1993,Male,100,1,7,6,837.1224064890166,11/03/2023,09:42:53
sweden,1934,1993,Male,100,1,7,7,840.4576076270699,11/03/2023,09:42:53
sweden,1934,1993,Male,100,1,7,8,829.3586929746346,11/03/2023,09:42:53
sweden,1934,1993,Male,100,1,7,9,831.0741936017172,11/03/2023,09:42:53
sweden,1934,1993,Male,100,1,7,10,839.0679828154442,11/03/2023,09:42:53
sweden,1934,1993,Male,100,1,5,1,689.9887283719623,11/03/2023,09:43:17
sweden,1934,1993,Male,100,1,5,2,711.9118277473242,11/03/2023,09:43:17
sweden,1934,1993,Male,100,1,5,3,746.5569169961713,11/03/2023,09:43:17
sweden,1934,1993,Male,100,1,5,4,808.3738628505362,11/03/2023,09:43:17
sweden,1934,1993,Male,100,1,5,5,827.7777169729171,11/03/2023,09:43:17
sweden,1934,1993,Male,100,1,5,6,821.1546299870191,11/03/2023,09:43:17
sweden,1934,1993,Male,100,1,5,7,825.9886146520408,11/03/2023,09:43:17
sweden,1934,1993,Male,100,1,5,8,820.1435270449863,11/03/2023,09:43:17
sweden,1934,1993,Male,100,1,5,9,821.8243390869441,11/03/2023,09:43:17
sweden,1934,1993,Male,100,1,5,10,833.7352155730755,11/03/2023,09:43:17
sweden,1933,1992,Male,100,1,7,1,730.2650180385308,11/03/2023,09:43:29
sweden,1933,1992,Male,100,1,7,2,720.6364022972627,11/03/2023,09:43:29
sweden,1933,1992,Male,100,1,7,3,737.2292744712256,11/03/2023,09:43:29
sweden,1933,1992,Male,100,1,7,4,735.2322041613883,11/03/2023,09:43:29
sweden,1933,1992,Male,100,1,7,5,762.2734086226775,11/03/2023,09:43:29
sweden,1933,1992,Male,100,1,7,6,776.1664853977238,11/03/2023,09:43:29
sweden,1933,1992,Male,100,1,7,7,787.432142129947,11/03/2023,09:43:29
sweden,1933,1992,Male,100,1,7,8,796.278765889998,11/03/2023,09:43:29
sweden,1933,1992,Male,100,1,7,9,792.970636901489,11/03/2023,09:43:29
sweden,1933,1992,Male,100,1,7,10,806.0362149779739,11/03/2023,09:43:29
sweden,1935,1994,Male,100,1,6,1,677.7051713068898,11/03/2023,09:43:37
sweden,1935,1994,Male,100,1,6,2,773.5825206755406,11/03/2023,09:43:37
sweden,1935,1994,Male,100,1,6,3,908.3417572984765,11/03/2023,09:43:37
sweden,1935,1994,Male,100,1,6,4,1136.345818027579,11/03/2023,09:43:37
sweden,1935,1994,Male,100,1,6,5,1097.4026602353201,11/03/2023,09:43:37
sweden,1935,1994,Male,100,1,6,6,1010.1405668818597,11/03/2023,09:43:37
sweden,1935,1994,Male,100,1,6,7,844.5411401262381,11/03/2023,09:43:37
sweden,1935,1994,Male,100,1,6,8,860.2602075324857,11/03/2023,09:43:37
sweden,1935,1994,Male,100,1,6,9,856.8070857902861,11/03/2023,09:43:37
sweden,1935,1994,Male,100,1,6,10,880.5525662328829,11/03/2023,09:43:37
sweden,1935,1994,Male,100,1,3,1,870.8222459107062,11/03/2023,09:45:46
sweden,1935,1994,Male,100,1,3,2,828.8604297203997,11/03/2023,09:45:46
sweden,1935,1994,Male,100,1,3,3,887.7188484801235,11/03/2023,09:45:46
sweden,1935,1994,Male,100,1,3,4,898.1676546538472,11/03/2023,09:45:46
sweden,1935,1994,Male,100,1,3,5,941.6544754529166,11/03/2023,09:45:46
sweden,1935,1994,Male,100,1,3,6,924.7934726488204,11/03/2023,09:45:46
sweden,1935,1994,Male,100,1,3,7,868.8853815832645,11/03/2023,09:45:46
sweden,1935,1994,Male,100,1,3,8,937.3685799223729,11/03/2023,09:45:46
sweden,1935,1994,Male,100,1,3,9,892.8047847137631,11/03/2023,09:45:46
sweden,1935,1994,Male,100,1,3,10,873.6915386676164,11/03/2023,09:45:46
sweden,1936,1995,Male,100,1,3,1,833.7686934736577,11/03/2023,09:45:55
sweden,1936,1995,Male,100,1,3,2,990.498467476074,11/03/2023,09:45:55
sweden,1936,1995,Male,100,1,3,3,921.5424993171958,11/03/2023,09:45:55
sweden,1936,1995,Male,100,1,3,4,924.7961434567738,11/03/2023,09:45:55
sweden,1936,1995,Male,100,1,3,5,899.2543279755214,11/03/2023,09:45:55
sweden,1936,1995,Male,100,1,3,6,844.4922320140709,11/03/2023,09:45:55
sweden,1936,1995,Male,100,1,3,7,880.6546879146815,11/03/2023,09:45:55
sweden,1936,1995,Male,100,1,3,8,863.6237909988317,11/03/2023,09:45:55
sweden,1936,1995,Male,100,1,3,9,855.4989171558673,11/03/2023,09:45:55
sweden,1936,1995,Male,100,1,3,10,865.6299321352196,11/03/2023,09:45:55
sweden,1936,1995,Male,100,1,6,1,840.9227172379348,12/03/2023,03:49:51
sweden,1936,1995,Male,100,1,6,2,1150.4698505113847,12/03/2023,03:49:51
sweden,1936,1995,Male,100,1,6,3,1148.6401723894267,12/03/2023,03:49:51
sweden,1936,1995,Male,100,1,6,4,997.888042631426,12/03/2023,03:49:51
sweden,1936,1995,Male,100,1,6,5,887.5381655139907,12/03/2023,03:49:51
sweden,1936,1995,Male,100,1,6,6,814.5188927164685,12/03/2023,03:49:51
sweden,1936,1995,Male,100,1,6,7,812.4208183544521,12/03/2023,03:49:51
sweden,1936,1995,Male,100,1,6,8,816.3777362675381,12/03/2023,03:49:51
sweden,1936,1995,Male,100,1,6,9,836.6758296887396,12/03/2023,03:49:51
sweden,1936,1995,Male,100,1,6,10,833.9132910182088,12/03/2023,03:49:51
sweden,1936,1995,Male,100,1,7,1,815.7000627937225,12/03/2023,03:50:45
sweden,1936,1995,Male,100,1,7,2,1010.4678396861345,12/03/2023,03:50:45
sweden,1936,1995,Male,100,1,7,3,1101.4358960157774,12/03/2023,03:50:45
sweden,1936,1995,Male,100,1,7,4,969.2710848581638,12/03/2023,03:50:45
sweden,1936,1995,Male,100,1,7,5,887.2629182232139,12/03/2023,03:50:45
sweden,1936,1995,Male,100,1,7,6,833.4397481758014,12/03/2023,03:50:45
sweden,1936,1995,Male,100,1,7,7,825.0140755507069,12/03/2023,03:50:45
sweden,1936,1995,Male,100,1,7,8,832.8279200945346,12/03/2023,03:50:45
sweden,1936,1995,Male,100,1,7,9,858.5803291429695,12/03/2023,03:50:45
sweden,1936,1995,Male,100,1,7,10,853.0093100425845,12/03/2023,03:50:45
sweden,1936,1995,Male,100,1,4,1,773.4170305088672,12/03/2023,03:51:09
sweden,1936,1995,Male,100,1,4,2,929.2230702961444,12/03/2023,03:51:09
sweden,1936,1995,Male,100,1,4,3,859.1232222238516,12/03/2023,03:51:09
sweden,1936,1995,Male,100,1,4,4,817.0610743415244,12/03/2023,03:51:09
sweden,1936,1995,Male,100,1,4,5,812.215860846002,12/03/2023,03:51:09
sweden,1936,1995,Male,100,1,4,6,803.9876299100988,12/03/2023,03:51:09
sweden,1936,1995,Male,100,1,4,7,811.5757294572735,12/03/2023,03:51:09
sweden,1936,1995,Male,100,1,4,8,823.51693452573,12/03/2023,03:51:09
sweden,1936,1995,Male,100,1,4,9,861.6399493809009,12/03/2023,03:51:09
sweden,1936,1995,Male,100,1,4,10,862.0029955755881,12/03/2023,03:51:09
sweden,1936,1995,Male,100,1,5,1,834.5937872315038,12/03/2023,03:51:50
sweden,1936,1995,Male,100,1,5,2,1254.4981194414258,12/03/2023,03:51:50
sweden,1936,1995,Male,100,1,5,3,1061.3421132756696,12/03/2023,03:51:50
sweden,1936,1995,Male,100,1,5,4,1014.4876269096513,12/03/2023,03:51:50
sweden,1936,1995,Male,100,1,5,5,860.002894562626,12/03/2023,03:51:50
sweden,1936,1995,Male,100,1,5,6,838.3876834963839,12/03/2023,03:51:50
sweden,1936,1995,Male,100,1,5,7,825.2169310431422,12/03/2023,03:51:50
sweden,1936,1995,Male,100,1,5,8,834.759394129422,12/03/2023,03:51:50
sweden,1936,1995,Male,100,1,5,9,860.9765989077007,12/03/2023,03:51:50
sweden,1936,1995,Male,100,1,5,10,851.0764330168251,12/03/2023,03:51:50
sweden,1937,1996,Male,100,1,3,1,807.7633387284163,12/03/2023,03:52:09
sweden,1937,1996,Male,100,1,3,2,769.8290793439702,12/03/2023,03:52:09
sweden,1937,1996,Male,100,1,3,3,836.2491880829483,12/03/2023,03:52:09
sweden,1937,1996,Male,100,1,3,4,817.2924943420293,12/03/2023,03:52:09
sweden,1937,1996,Male,100,1,3,5,790.7550045749066,12/03/2023,03:52:09
sweden,1937,1996,Male,100,1,3,6,833.2576764735569,12/03/2023,03:52:09
sweden,1937,1996,Male,100,1,3,7,822.0263626868664,12/03/2023,03:52:09
sweden,1937,1996,Male,100,1,3,8,814.579411762714,12/03/2023,03:52:09
sweden,1937,1996,Male,100,1,3,9,833.6848265894502,12/03/2023,03:52:09
sweden,1937,1996,Male,100,1,3,10,854.8890151582941,12/03/2023,03:52:09
sweden,1937,1996,Male,100,1,6,1,807.3148489477634,12/03/2023,03:54:54
sweden,1937,1996,Male,100,1,6,2,815.0181553028076,12/03/2023,03:54:54
sweden,1937,1996,Male,100,1,6,3,789.5076201213438,12/03/2023,03:54:54
sweden,1937,1996,Male,100,1,6,4,783.7283879863188,12/03/2023,03:54:54
sweden,1937,1996,Male,100,1,6,5,778.8334095610879,12/03/2023,03:54:54
sweden,1937,1996,Male,100,1,6,6,784.7171359218364,12/03/2023,03:54:54
sweden,1937,1996,Male,100,1,6,7,800.2539172135174,12/03/2023,03:54:54
sweden,1937,1996,Male,100,1,6,8,831.8935893642514,12/03/2023,03:54:54
sweden,1937,1996,Male,100,1,6,9,837.6100787461937,12/03/2023,03:54:54
sweden,1937,1996,Male,100,1,6,10,882.1848350079216,12/03/2023,03:54:54
sweden,1937,1996,Male,100,1,4,1,782.3080042696918,12/03/2023,03:55:43
sweden,1937,1996,Male,100,1,4,2,811.131096407473,12/03/2023,03:55:43
sweden,1937,1996,Male,100,1,4,3,787.3076017365738,12/03/2023,03:55:43
sweden,1937,1996,Male,100,1,4,4,786.6827552224219,12/03/2023,03:55:43
sweden,1937,1996,Male,100,1,4,5,780.6029242915492,12/03/2023,03:55:43
sweden,1937,1996,Male,100,1,4,6,794.2310280505151,12/03/2023,03:55:43
sweden,1937,1996,Male,100,1,4,7,814.5771344267026,12/03/2023,03:55:43
sweden,1937,1996,Male,100,1,4,8,865.320749278609,12/03/2023,03:55:43
sweden,1937,1996,Male,100,1,4,9,853.8845897122454,12/03/2023,03:55:43
sweden,1937,1996,Male,100,1,4,10,907.3909883259918,12/03/2023,03:55:43
sweden,1937,1996,Male,100,1,5,1,804.0903625965068,12/03/2023,03:55:53
sweden,1937,1996,Male,100,1,5,2,796.9458045237653,12/03/2023,03:55:53
sweden,1937,1996,Male,100,1,5,3,781.257352486741,12/03/2023,03:55:53
sweden,1937,1996,Male,100,1,5,4,779.2123471308256,12/03/2023,03:55:53
sweden,1937,1996,Male,100,1,5,5,769.406352485257,12/03/2023,03:55:53
sweden,1937,1996,Male,100,1,5,6,779.8054203060841,12/03/2023,03:55:53
sweden,1937,1996,Male,100,1,5,7,788.5260185961977,12/03/2023,03:55:53
sweden,1937,1996,Male,100,1,5,8,808.0878360133383,12/03/2023,03:55:53
sweden,1937,1996,Male,100,1,5,9,814.389805545049,12/03/2023,03:55:53
sweden,1937,1996,Male,100,1,5,10,831.5150930129038,12/03/2023,03:55:53
sweden,1937,1996,Male,100,1,7,1,814.8799686078198,12/03/2023,03:56:08
sweden,1937,1996,Male,100,1,7,2,811.4768778676622,12/03/2023,03:56:08
sweden,1937,1996,Male,100,1,7,3,794.7117073915902,12/03/2023,03:56:08
sweden,1937,1996,Male,100,1,7,4,786.3228360736812,12/03/2023,03:56:08
sweden,1937,1996,Male,100,1,7,5,776.7744483132815,12/03/2023,03:56:08
sweden,1937,1996,Male,100,1,7,6,783.018948630311,12/03/2023,03:56:08
sweden,1937,1996,Male,100,1,7,7,798.6210908049312,12/03/2023,03:56:08
sweden,1937,1996,Male,100,1,7,8,825.9867271137333,12/03/2023,03:56:08
sweden,1937,1996,Male,100,1,7,9,831.1209823774932,12/03/2023,03:56:08
sweden,1937,1996,Male,100,1,7,10,850.762886816093,12/03/2023,03:56:08
sweden,1938,1997,Male,100,1,3,1,760.8015878806049,12/03/2023,03:57:02
sweden,1938,1997,Male,100,1,3,2,808.5447438597661,12/03/2023,03:57:02
sweden,1938,1997,Male,100,1,3,3,807.0190956679259,12/03/2023,03:57:02
sweden,1938,1997,Male,100,1,3,4,792.6395305868722,12/03/2023,03:57:02
sweden,1938,1997,Male,100,1,3,5,832.3128444399472,12/03/2023,03:57:02
sweden,1938,1997,Male,100,1,3,6,830.6685743251434,12/03/2023,03:57:02
sweden,1938,1997,Male,100,1,3,7,853.4018261212568,12/03/2023,03:57:02
sweden,1938,1997,Male,100,1,3,8,867.688709576509,12/03/2023,03:57:02
sweden,1938,1997,Male,100,1,3,9,933.3637953172313,12/03/2023,03:57:02
sweden,1938,1997,Male,100,1,3,10,983.0808877863519,12/03/2023,03:57:02
sweden,1938,1997,Male,100,1,4,1,737.8991359466869,12/03/2023,03:57:41
sweden,1938,1997,Male,100,1,4,2,746.2424200475338,12/03/2023,03:57:41
sweden,1938,1997,Male,100,1,4,3,757.2054985243408,12/03/2023,03:57:41
sweden,1938,1997,Male,100,1,4,4,764.7873629223085,12/03/2023,03:57:41
sweden,1938,1997,Male,100,1,4,5,783.2480382483066,12/03/2023,03:57:41
sweden,1938,1997,Male,100,1,4,6,802.374923640221,12/03/2023,03:57:41
sweden,1938,1997,Male,100,1,4,7,842.1358544802622,12/03/2023,03:57:41
sweden,1938,1997,Male,100,1,4,8,847.2836259089688,12/03/2023,03:57:41
sweden,1938,1997,Male,100,1,4,9,893.0146412382968,12/03/2023,03:57:41
sweden,1938,1997,Male,100,1,4,10,917.026195686339,12/03/2023,03:57:41
sweden,1938,1997,Male,100,1,5,1,732.7986334301376,12/03/2023,03:59:26
sweden,1938,1997,Male,100,1,5,2,757.5204028742221,12/03/2023,03:59:26
sweden,1938,1997,Male,100,1,5,3,765.6785472005067,12/03/2023,03:59:26
sweden,1938,1997,Male,100,1,5,4,775.6940799120994,12/03/2023,03:59:26
sweden,1938,1997,Male,100,1,5,5,794.7058721673601,12/03/2023,03:59:26
sweden,1938,1997,Male,100,1,5,6,808.3728842370114,12/03/2023,03:59:26
sweden,1938,1997,Male,100,1,5,7,826.5473604392911,12/03/2023,03:59:26
sweden,1938,1997,Male,100,1,5,8,837.4515109122035,12/03/2023,03:59:26
sweden,1938,1997,Male,100,1,5,9,858.9411043575284,12/03/2023,03:59:26
sweden,1938,1997,Male,100,1,5,10,871.9305416741611,12/03/2023,03:59:26
sweden,1938,1997,Male,100,1,7,1,675.3444352941914,12/03/2023,04:00:43
sweden,1938,1997,Male,100,1,7,2,708.6643822542784,12/03/2023,04:00:43
sweden,1938,1997,Male,100,1,7,3,737.7964324533793,12/03/2023,04:00:43
sweden,1938,1997,Male,100,1,7,4,765.0426136303895,12/03/2023,04:00:43
sweden,1938,1997,Male,100,1,7,5,785.8694875336845,12/03/2023,04:00:43
sweden,1938,1997,Male,100,1,7,6,800.8188152798132,12/03/2023,04:00:43
sweden,1938,1997,Male,100,1,7,7,810.8283596851777,12/03/2023,04:00:43
sweden,1938,1997,Male,100,1,7,8,827.8888463620904,12/03/2023,04:00:43
sweden,1938,1997,Male,100,1,7,9,845.1254712359138,12/03/2023,04:00:43
sweden,1938,1997,Male,100,1,7,10,849.6690512747467,12/03/2023,04:00:43
sweden,1938,1997,Male,100,1,6,1,718.0895100023006,12/03/2023,04:00:51
sweden,1938,1997,Male,100,1,6,2,736.3504900075083,12/03/2023,04:00:51
sweden,1938,1997,Male,100,1,6,3,750.8665229889504,12/03/2023,04:00:51
sweden,1938,1997,Male,100,1,6,4,762.2826339340335,12/03/2023,04:00:51
sweden,1938,1997,Male,100,1,6,5,778.7188360723759,12/03/2023,04:00:51
sweden,1938,1997,Male,100,1,6,6,791.3263570346132,12/03/2023,04:00:51
sweden,1938,1997,Male,100,1,6,7,801.0909155128618,12/03/2023,04:00:51
sweden,1938,1997,Male,100,1,6,8,813.2389825926134,12/03/2023,04:00:51
sweden,1938,1997,Male,100,1,6,9,831.2012732094456,12/03/2023,04:00:51
sweden,1938,1997,Male,100,1,6,10,836.9142186090651,12/03/2023,04:00:51
sweden,1939,1998,Male,100,1,3,1,812.1846715019017,12/03/2023,04:03:36
sweden,1939,1998,Male,100,1,3,2,791.2108033175566,12/03/2023,04:03:36
sweden,1939,1998,Male,100,1,3,3,778.4990351945492,12/03/2023,04:03:36
sweden,1939,1998,Male,100,1,3,4,825.3153131656136,12/03/2023,04:03:36
sweden,1939,1998,Male,100,1,3,5,823.1473447892772,12/03/2023,04:03:36
sweden,1939,1998,Male,100,1,3,6,851.1601030057724,12/03/2023,04:03:36
sweden,1939,1998,Male,100,1,3,7,864.3849915459174,12/03/2023,04:03:36
sweden,1939,1998,Male,100,1,3,8,966.7046557534451,12/03/2023,04:03:36
sweden,1939,1998,Male,100,1,3,9,1045.0791366300996,12/03/2023,04:03:36
sweden,1939,1998,Male,100,1,3,10,1038.3360807383046,12/03/2023,04:03:36
sweden,1939,1998,Male,100,1,4,1,782.6276169425563,12/03/2023,04:05:12
sweden,1939,1998,Male,100,1,4,2,762.2043799687297,12/03/2023,04:05:12
sweden,1939,1998,Male,100,1,4,3,764.4335919894036,12/03/2023,04:05:12
sweden,1939,1998,Male,100,1,4,4,785.7802317217125,12/03/2023,04:05:12
sweden,1939,1998,Male,100,1,4,5,792.8871972445677,12/03/2023,04:05:12
sweden,1939,1998,Male,100,1,4,6,805.7766560014338,12/03/2023,04:05:12
sweden,1939,1998,Male,100,1,4,7,819.4021619265129,12/03/2023,04:05:12
sweden,1939,1998,Male,100,1,4,8,847.0758089440387,12/03/2023,04:05:12
sweden,1939,1998,Male,100,1,4,9,859.4648335175582,12/03/2023,04:05:12
sweden,1939,1998,Male,100,1,4,10,843.2860622476052,12/03/2023,04:05:12
sweden,1939,1998,Male,100,1,5,1,768.5658482466853,12/03/2023,22:02:20
sweden,1939,1998,Male,100,1,5,2,747.825664370704,12/03/2023,22:02:20
sweden,1939,1998,Male,100,1,5,3,747.7622688355326,12/03/2023,22:02:20
sweden,1939,1998,Male,100,1,5,4,768.21779593583,12/03/2023,22:02:20
sweden,1939,1998,Male,100,1,5,5,776.55337066198,12/03/2023,22:02:20
sweden,1939,1998,Male,100,1,5,6,789.7343516190886,12/03/2023,22:02:20
sweden,1939,1998,Male,100,1,5,7,804.5006914404689,12/03/2023,22:02:20
sweden,1939,1998,Male,100,1,5,8,825.6109497026189,12/03/2023,22:02:20
sweden,1939,1998,Male,100,1,5,9,835.158023660454,12/03/2023,22:02:20
sweden,1939,1998,Male,100,1,5,10,826.4222934378319,12/03/2023,22:02:20
sweden,1939,1998,Male,100,1,6,1,672.4223546076257,12/03/2023,22:04:42
sweden,1939,1998,Male,100,1,6,2,700.8155721740471,12/03/2023,22:04:42
sweden,1939,1998,Male,100,1,6,3,732.7127671508445,12/03/2023,22:04:42
sweden,1939,1998,Male,100,1,6,4,750.1337575202108,12/03/2023,22:04:42
sweden,1939,1998,Male,100,1,6,5,765.9335041862963,12/03/2023,22:04:42
sweden,1939,1998,Male,100,1,6,6,782.6921697603046,12/03/2023,22:04:42
sweden,1939,1998,Male,100,1,6,7,799.9769574860175,12/03/2023,22:04:42
sweden,1939,1998,Male,100,1,6,8,823.1528699512313,12/03/2023,22:04:42
sweden,1939,1998,Male,100,1,6,9,827.0009459368749,12/03/2023,22:04:42
sweden,1939,1998,Male,100,1,6,10,822.1460611105535,12/03/2023,22:04:42
sweden,1940,1999,Male,100,1,3,1,770.1856312237109,12/03/2023,22:05:03
sweden,1940,1999,Male,100,1,3,2,764.6801474174798,12/03/2023,22:05:03
sweden,1940,1999,Male,100,1,3,3,783.8688057242822,12/03/2023,22:05:03
sweden,1940,1999,Male,100,1,3,4,797.0609997904766,12/03/2023,22:05:03
sweden,1940,1999,Male,100,1,3,5,871.3023522339284,12/03/2023,22:05:03
sweden,1940,1999,Male,100,1,3,6,848.3878314185624,12/03/2023,22:05:03
sweden,1940,1999,Male,100,1,3,7,930.9247429874489,12/03/2023,22:05:03
sweden,1940,1999,Male,100,1,3,8,1083.6073434955424,12/03/2023,22:05:03
sweden,1940,1999,Male,100,1,3,9,920.8522058681837,12/03/2023,22:05:03
sweden,1940,1999,Male,100,1,3,10,1272.925576218233,12/03/2023,22:05:03
sweden,1939,1998,Male,100,1,7,1,676.8330878462808,12/03/2023,22:06:41
sweden,1939,1998,Male,100,1,7,2,701.7625099136517,12/03/2023,22:06:41
sweden,1939,1998,Male,100,1,7,3,735.5581811047572,12/03/2023,22:06:41
sweden,1939,1998,Male,100,1,7,4,754.5779899991667,12/03/2023,22:06:41
sweden,1939,1998,Male,100,1,7,5,771.7416108092144,12/03/2023,22:06:41
sweden,1939,1998,Male,100,1,7,6,789.8397378421912,12/03/2023,22:06:41
sweden,1939,1998,Male,100,1,7,7,809.0216950166619,12/03/2023,22:06:41
sweden,1939,1998,Male,100,1,7,8,833.293085873629,12/03/2023,22:06:41
sweden,1939,1998,Male,100,1,7,9,840.7423939869443,12/03/2023,22:06:41
sweden,1939,1998,Male,100,1,7,10,832.8829989881702,12/03/2023,22:06:41
sweden,1940,1999,Male,100,1,4,1,771.2712644786179,12/03/2023,22:06:59
sweden,1940,1999,Male,100,1,4,2,786.2700460204993,12/03/2023,22:06:59
sweden,1940,1999,Male,100,1,4,3,807.6498418231802,12/03/2023,22:06:59
sweden,1940,1999,Male,100,1,4,4,827.9774414497713,12/03/2023,22:06:59
sweden,1940,1999,Male,100,1,4,5,932.8565164184499,12/03/2023,22:06:59
sweden,1940,1999,Male,100,1,4,6,904.7204306113576,12/03/2023,22:06:59
sweden,1940,1999,Male,100,1,4,7,1043.6487133622468,12/03/2023,22:06:59
sweden,1940,1999,Male,100,1,4,8,1200.5915614315559,12/03/2023,22:06:59
sweden,1940,1999,Male,100,1,4,9,1176.3981923209778,12/03/2023,22:06:59
sweden,1940,1999,Male,100,1,4,10,1647.3657504614705,12/03/2023,22:06:59
sweden,1940,1999,Male,100,1,5,1,737.4639604517287,12/03/2023,22:08:30
sweden,1940,1999,Male,100,1,5,2,750.7474676508792,12/03/2023,22:08:30
sweden,1940,1999,Male,100,1,5,3,765.0431029292401,12/03/2023,22:08:30
sweden,1940,1999,Male,100,1,5,4,783.3411183542074,12/03/2023,22:08:30
sweden,1940,1999,Male,100,1,5,5,817.9319986513093,12/03/2023,22:08:30
sweden,1940,1999,Male,100,1,5,6,830.1301022141002,12/03/2023,22:08:30
sweden,1940,1999,Male,100,1,5,7,873.6945426440215,12/03/2023,22:08:30
sweden,1940,1999,Male,100,1,5,8,895.3446735691498,12/03/2023,22:08:30
sweden,1940,1999,Male,100,1,5,9,865.5906328807916,12/03/2023,22:08:30
sweden,1940,1999,Male,100,1,5,10,959.5747528665354,12/03/2023,22:08:30
sweden,1941,2000,Male,100,1,3,1,802.4065390588262,12/03/2023,22:11:01
sweden,1941,2000,Male,100,1,3,2,820.3276035055518,12/03/2023,22:11:01
sweden,1941,2000,Male,100,1,3,3,835.3952975859296,12/03/2023,22:11:01
sweden,1941,2000,Male,100,1,3,4,959.1677526668394,12/03/2023,22:11:01
sweden,1941,2000,Male,100,1,3,5,925.712262109919,12/03/2023,22:11:01
sweden,1941,2000,Male,100,1,3,6,1135.2785579339838,12/03/2023,22:11:01
sweden,1941,2000,Male,100,1,3,7,1296.5638088479977,12/03/2023,22:11:01
sweden,1941,2000,Male,100,1,3,8,1185.1364466104064,12/03/2023,22:11:01
sweden,1941,2000,Male,100,1,3,9,1910.7101908015222,12/03/2023,22:11:01
sweden,1941,2000,Male,100,1,3,10,1662.9074359457009,12/03/2023,22:11:01
sweden,1940,1999,Male,100,1,6,1,674.6517465366512,12/03/2023,22:11:27
sweden,1940,1999,Male,100,1,6,2,718.0256641026323,12/03/2023,22:11:27
sweden,1940,1999,Male,100,1,6,3,738.4076843437066,12/03/2023,22:11:27
sweden,1940,1999,Male,100,1,6,4,758.4325718801011,12/03/2023,22:11:27
sweden,1940,1999,Male,100,1,6,5,798.3389038356607,12/03/2023,22:11:27
sweden,1940,1999,Male,100,1,6,6,810.2889504775927,12/03/2023,22:11:27
sweden,1940,1999,Male,100,1,6,7,843.555407626119,12/03/2023,22:11:27
sweden,1940,1999,Male,100,1,6,8,856.3582078105986,12/03/2023,22:11:27
sweden,1940,1999,Male,100,1,6,9,848.5091845245554,12/03/2023,22:11:27
sweden,1940,1999,Male,100,1,6,10,873.0238230486771,12/03/2023,22:11:27
sweden,1940,1999,Male,100,1,7,1,677.6851218752296,12/03/2023,22:11:36
sweden,1940,1999,Male,100,1,7,2,727.9944102140362,12/03/2023,22:11:36
sweden,1940,1999,Male,100,1,7,3,747.2498695031363,12/03/2023,22:11:36
sweden,1940,1999,Male,100,1,7,4,768.2331190926362,12/03/2023,22:11:36
sweden,1940,1999,Male,100,1,7,5,810.3702732912661,12/03/2023,22:11:36
sweden,1940,1999,Male,100,1,7,6,820.7942056663132,12/03/2023,22:11:36
sweden,1940,1999,Male,100,1,7,7,852.5995812214156,12/03/2023,22:11:36
sweden,1940,1999,Male,100,1,7,8,870.4036013393256,12/03/2023,22:11:36
sweden,1940,1999,Male,100,1,7,9,853.7799913834123,12/03/2023,22:11:36
sweden,1940,1999,Male,100,1,7,10,886.986574565824,12/03/2023,22:11:36
sweden,1941,2000,Male,100,1,4,1,782.0982245807458,12/03/2023,22:11:45
sweden,1941,2000,Male,100,1,4,2,784.9683059023749,12/03/2023,22:11:45
sweden,1941,2000,Male,100,1,4,3,802.2269576948139,12/03/2023,22:11:45
sweden,1941,2000,Male,100,1,4,4,881.7488431886449,12/03/2023,22:11:45
sweden,1941,2000,Male,100,1,4,5,871.8778746082644,12/03/2023,22:11:45
sweden,1941,2000,Male,100,1,4,6,963.3763672470992,12/03/2023,22:11:45
sweden,1941,2000,Male,100,1,4,7,1048.1027219797302,12/03/2023,22:11:45
sweden,1941,2000,Male,100,1,4,8,994.3599451971344,12/03/2023,22:11:45
sweden,1941,2000,Male,100,1,4,9,1308.552734272819,12/03/2023,22:11:45
sweden,1941,2000,Male,100,1,4,10,1334.3137877234988,12/03/2023,22:11:45
sweden,1941,2000,Male,100,1,5,1,698.0928223681229,12/03/2023,22:13:19
sweden,1941,2000,Male,100,1,5,2,718.362782759024,12/03/2023,22:13:19
sweden,1941,2000,Male,100,1,5,3,743.4518086819555,12/03/2023,22:13:19
sweden,1941,2000,Male,100,1,5,4,817.9235171372541,12/03/2023,22:13:19
sweden,1941,2000,Male,100,1,5,5,814.6917985938445,12/03/2023,22:13:19
sweden,1941,2000,Male,100,1,5,6,889.0329698332354,12/03/2023,22:13:19
sweden,1941,2000,Male,100,1,5,7,888.2914559753556,12/03/2023,22:13:19
sweden,1941,2000,Male,100,1,5,8,888.0878529866493,12/03/2023,22:13:19
sweden,1941,2000,Male,100,1,5,9,1160.551040533759,12/03/2023,22:13:19
sweden,1941,2000,Male,100,1,5,10,1122.586707694639,12/03/2023,22:13:19
sweden,1941,2000,Male,100,1,6,1,696.0819297963142,12/03/2023,22:17:13
sweden,1941,2000,Male,100,1,6,2,715.4244612205567,12/03/2023,22:17:13
sweden,1941,2000,Male,100,1,6,3,735.6624113772688,12/03/2023,22:17:13
sweden,1941,2000,Male,100,1,6,4,774.7485246040548,12/03/2023,22:17:13
sweden,1941,2000,Male,100,1,6,5,787.8201607147076,12/03/2023,22:17:13
sweden,1941,2000,Male,100,1,6,6,818.1915891370305,12/03/2023,22:17:13
sweden,1941,2000,Male,100,1,6,7,829.8913897520004,12/03/2023,22:17:13
sweden,1941,2000,Male,100,1,6,8,827.1799280112742,12/03/2023,22:17:13
sweden,1941,2000,Male,100,1,6,9,853.9342951409809,12/03/2023,22:17:13
sweden,1941,2000,Male,100,1,6,10,853.02769291669,12/03/2023,22:17:13
sweden,1942,2001,Male,100,1,3,1,803.9143557000725,12/03/2023,22:17:58
sweden,1942,2001,Male,100,1,3,2,796.2430610079957,12/03/2023,22:17:58
sweden,1942,2001,Male,100,1,3,3,926.6620781984556,12/03/2023,22:17:58
sweden,1942,2001,Male,100,1,3,4,870.5132582544005,12/03/2023,22:17:58
sweden,1942,2001,Male,100,1,3,5,1065.8775673002385,12/03/2023,22:17:58
sweden,1942,2001,Male,100,1,3,6,1242.1956110138335,12/03/2023,22:17:58
sweden,1942,2001,Male,100,1,3,7,1065.5958528495967,12/03/2023,22:17:58
sweden,1942,2001,Male,100,1,3,8,1758.1343876505155,12/03/2023,22:17:58
sweden,1942,2001,Male,100,1,3,9,1555.4208927122775,12/03/2023,22:17:58
sweden,1942,2001,Male,100,1,3,10,1519.7719326283895,12/03/2023,22:17:58
sweden,1941,2000,Male,100,1,7,1,702.5248961498611,12/03/2023,22:19:42
sweden,1941,2000,Male,100,1,7,2,720.6865292229865,12/03/2023,22:19:42
sweden,1941,2000,Male,100,1,7,3,743.1149522046713,12/03/2023,22:19:42
sweden,1941,2000,Male,100,1,7,4,787.6904675081988,12/03/2023,22:19:42
sweden,1941,2000,Male,100,1,7,5,800.8675028673773,12/03/2023,22:19:42
sweden,1941,2000,Male,100,1,7,6,836.0062915206307,12/03/2023,22:19:42
sweden,1941,2000,Male,100,1,7,7,849.6775409921677,12/03/2023,22:19:42
sweden,1941,2000,Male,100,1,7,8,843.7593714066285,12/03/2023,22:19:42
sweden,1941,2000,Male,100,1,7,9,879.4277172551884,12/03/2023,22:19:42
sweden,1941,2000,Male,100,1,7,10,878.2894177376417,12/03/2023,22:19:42
sweden,1942,2001,Male,100,1,4,1,849.4322581482218,12/03/2023,22:23:51
sweden,1942,2001,Male,100,1,4,2,801.1722096443783,12/03/2023,22:23:51
sweden,1942,2001,Male,100,1,4,3,852.975116831509,12/03/2023,22:23:51
sweden,1942,2001,Male,100,1,4,4,849.5365129608457,12/03/2023,22:23:51
sweden,1942,2001,Male,100,1,4,5,919.4608109222062,12/03/2023,22:23:51
sweden,1942,2001,Male,100,1,4,6,957.9954622359257,12/03/2023,22:23:51
sweden,1942,2001,Male,100,1,4,7,932.9108146452434,12/03/2023,22:23:51
sweden,1942,2001,Male,100,1,4,8,1132.7803775755494,12/03/2023,22:23:51
sweden,1942,2001,Male,100,1,4,9,1131.374180082351,12/03/2023,22:23:51
sweden,1942,2001,Male,100,1,4,10,1107.2072999916768,12/03/2023,22:23:51
sweden,1942,2001,Male,100,1,5,1,717.847335673627,12/03/2023,22:26:02
sweden,1942,2001,Male,100,1,5,2,728.0010405281171,12/03/2023,22:26:02
sweden,1942,2001,Male,100,1,5,3,835.1207934546371,12/03/2023,22:26:02
sweden,1942,2001,Male,100,1,5,4,805.3893615527536,12/03/2023,22:26:02
sweden,1942,2001,Male,100,1,5,5,898.3760666134898,12/03/2023,22:26:02
sweden,1942,2001,Male,100,1,5,6,973.5916866589445,12/03/2023,22:26:02
sweden,1942,2001,Male,100,1,5,7,942.1375264244723,12/03/2023,22:26:02
sweden,1942,2001,Male,100,1,5,8,1170.2851693426524,12/03/2023,22:26:02
sweden,1942,2001,Male,100,1,5,9,1142.6040059320633,12/03/2023,22:26:02
sweden,1942,2001,Male,100,1,5,10,1089.072662937258,12/03/2023,22:26:02
sweden,1942,2001,Male,100,1,6,1,706.3718515553611,13/03/2023,16:15:14
sweden,1942,2001,Male,100,1,6,2,726.8245194711212,13/03/2023,16:15:14
sweden,1942,2001,Male,100,1,6,3,776.2526651945196,13/03/2023,16:15:14
sweden,1942,2001,Male,100,1,6,4,797.8070264258558,13/03/2023,16:15:14
sweden,1942,2001,Male,100,1,6,5,832.6126505225067,13/03/2023,16:15:14
sweden,1942,2001,Male,100,1,6,6,847.6398863681488,13/03/2023,16:15:14
sweden,1942,2001,Male,100,1,6,7,840.0352181484657,13/03/2023,16:15:14
sweden,1942,2001,Male,100,1,6,8,914.7214726724307,13/03/2023,16:15:14
sweden,1942,2001,Male,100,1,6,9,885.3665774730947,13/03/2023,16:15:14
sweden,1942,2001,Male,100,1,6,10,897.3374081478169,13/03/2023,16:15:14
sweden,1943,2002,Male,100,1,3,1,872.76629714925,13/03/2023,16:18:00
sweden,1943,2002,Male,100,1,3,2,1040.2931526055027,13/03/2023,16:18:00
sweden,1943,2002,Male,100,1,3,3,895.8848026643645,13/03/2023,16:18:00
sweden,1943,2002,Male,100,1,3,4,1068.3497961306175,13/03/2023,16:18:00
sweden,1943,2002,Male,100,1,3,5,1188.3744702194638,13/03/2023,16:18:00
sweden,1943,2002,Male,100,1,3,6,1040.9975841696419,13/03/2023,16:18:00
sweden,1943,2002,Male,100,1,3,7,1562.8468813033094,13/03/2023,16:18:00
sweden,1943,2002,Male,100,1,3,8,1239.091249857299,13/03/2023,16:18:00
sweden,1943,2002,Male,100,1,3,9,1376.9898397563943,13/03/2023,16:18:00
sweden,1943,2002,Male,100,1,3,10,1422.4131842565776,13/03/2023,16:18:00
sweden,1942,2001,Male,100,1,7,1,685.0108658746396,13/03/2023,16:19:03
sweden,1942,2001,Male,100,1,7,2,712.0601956252294,13/03/2023,16:19:03
sweden,1942,2001,Male,100,1,7,3,779.1276692337142,13/03/2023,16:19:03
sweden,1942,2001,Male,100,1,7,4,780.0070790509162,13/03/2023,16:19:03
sweden,1942,2001,Male,100,1,7,5,821.1340906710451,13/03/2023,16:19:03
sweden,1942,2001,Male,100,1,7,6,844.0166062422253,13/03/2023,16:19:03
sweden,1942,2001,Male,100,1,7,7,836.4893104239121,13/03/2023,16:19:03
sweden,1942,2001,Male,100,1,7,8,881.5266453887008,13/03/2023,16:19:03
sweden,1942,2001,Male,100,1,7,9,901.5552595159643,13/03/2023,16:19:03
sweden,1942,2001,Male,100,1,7,10,877.0037218785758,13/03/2023,16:19:03
sweden,1943,2002,Male,100,1,5,1,726.7009252337771,13/03/2023,16:20:45
sweden,1943,2002,Male,100,1,5,2,882.9164530882279,13/03/2023,16:20:45
sweden,1943,2002,Male,100,1,5,3,840.3044669628783,13/03/2023,16:20:45
sweden,1943,2002,Male,100,1,5,4,963.912748308364,13/03/2023,16:20:45
sweden,1943,2002,Male,100,1,5,5,1073.1499305056145,13/03/2023,16:20:45
sweden,1943,2002,Male,100,1,5,6,964.7933962082295,13/03/2023,16:20:45
sweden,1943,2002,Male,100,1,5,7,1318.7980472743877,13/03/2023,16:20:45
sweden,1943,2002,Male,100,1,5,8,1269.3580526678934,13/03/2023,16:20:45
sweden,1943,2002,Male,100,1,5,9,1082.3722281234054,13/03/2023,16:20:45
sweden,1943,2002,Male,100,1,5,10,1132.088995725428,13/03/2023,16:20:45
sweden,1943,2002,Male,100,1,4,1,798.6640802877661,13/03/2023,16:21:39
sweden,1943,2002,Male,100,1,4,2,901.2172774775531,13/03/2023,16:21:39
sweden,1943,2002,Male,100,1,4,3,860.4518811012803,13/03/2023,16:21:39
sweden,1943,2002,Male,100,1,4,4,942.5811007838258,13/03/2023,16:21:39
sweden,1943,2002,Male,100,1,4,5,1035.321479556058,13/03/2023,16:21:39
sweden,1943,2002,Male,100,1,4,6,941.9675075763188,13/03/2023,16:21:39
sweden,1943,2002,Male,100,1,4,7,1287.0087287121708,13/03/2023,16:21:39
sweden,1943,2002,Male,100,1,4,8,1158.5726367529026,13/03/2023,16:21:39
sweden,1943,2002,Male,100,1,4,9,1101.369668077967,13/03/2023,16:21:39
sweden,1943,2002,Male,100,1,4,10,1267.9875715786761,13/03/2023,16:21:39
sweden,1943,2002,Male,100,1,6,1,706.5867108460181,13/03/2023,16:23:00
sweden,1943,2002,Male,100,1,6,2,777.037020087057,13/03/2023,16:23:00
sweden,1943,2002,Male,100,1,6,3,794.4784991569003,13/03/2023,16:23:00
sweden,1943,2002,Male,100,1,6,4,824.4564496996389,13/03/2023,16:23:00
sweden,1943,2002,Male,100,1,6,5,839.8589244518481,13/03/2023,16:23:00
sweden,1943,2002,Male,100,1,6,6,837.3205481236662,13/03/2023,16:23:00
sweden,1943,2002,Male,100,1,6,7,898.7006182804962,13/03/2023,16:23:00
sweden,1943,2002,Male,100,1,6,8,870.4277023383086,13/03/2023,16:23:00
sweden,1943,2002,Male,100,1,6,9,870.4513940883767,13/03/2023,16:23:00
sweden,1943,2002,Male,100,1,6,10,918.8564425738052,13/03/2023,16:23:00
sweden,1944,2003,Male,100,1,4,1,933.6459898824288,13/03/2023,16:25:56
sweden,1944,2003,Male,100,1,4,2,831.0124868063119,13/03/2023,16:25:56
sweden,1944,2003,Male,100,1,4,3,920.523631944994,13/03/2023,16:25:56
sweden,1944,2003,Male,100,1,4,4,990.6124614375474,13/03/2023,16:25:56
sweden,1944,2003,Male,100,1,4,5,902.5136155921869,13/03/2023,16:25:56
sweden,1944,2003,Male,100,1,4,6,1172.4495175091351,13/03/2023,16:25:56
sweden,1944,2003,Male,100,1,4,7,1096.297609202077,13/03/2023,16:25:56
sweden,1944,2003,Male,100,1,4,8,1049.0703088199054,13/03/2023,16:25:56
sweden,1944,2003,Male,100,1,4,9,1161.2127510770558,13/03/2023,16:25:56
sweden,1944,2003,Male,100,1,4,10,1102.983960207017,13/03/2023,16:25:56
sweden,1943,2002,Male,100,1,7,1,705.7247978672267,13/03/2023,16:26:12
sweden,1943,2002,Male,100,1,7,2,807.0171435122656,13/03/2023,16:26:12
sweden,1943,2002,Male,100,1,7,3,804.3651919914761,13/03/2023,16:26:12
sweden,1943,2002,Male,100,1,7,4,858.7171875677706,13/03/2023,16:26:12
sweden,1943,2002,Male,100,1,7,5,880.7394562536615,13/03/2023,16:26:12
sweden,1943,2002,Male,100,1,7,6,870.1186184468716,13/03/2023,16:26:12
sweden,1943,2002,Male,100,1,7,7,925.2615325799708,13/03/2023,16:26:12
sweden,1943,2002,Male,100,1,7,8,921.444232852147,13/03/2023,16:26:12
sweden,1943,2002,Male,100,1,7,9,931.7117763449943,13/03/2023,16:26:12
sweden,1943,2002,Male,100,1,7,10,943.3844850636144,13/03/2023,16:26:12
sweden,1944,2003,Male,100,1,3,1,1191.860562851726,13/03/2023,16:26:43
sweden,1944,2003,Male,100,1,3,2,1023.3774547158712,13/03/2023,16:26:43
sweden,1944,2003,Male,100,1,3,3,1262.0987199295557,13/03/2023,16:26:43
sweden,1944,2003,Male,100,1,3,4,1516.8971994241692,13/03/2023,16:26:43
sweden,1944,2003,Male,100,1,3,5,1219.3157259384316,13/03/2023,16:26:43
sweden,1944,2003,Male,100,1,3,6,1870.5662120233999,13/03/2023,16:26:43
sweden,1944,2003,Male,100,1,3,7,1771.7488284382196,13/03/2023,16:26:43
sweden,1944,2003,Male,100,1,3,8,1828.2066919699491,13/03/2023,16:26:43
sweden,1944,2003,Male,100,1,3,9,1998.095526805796,13/03/2023,16:26:43
sweden,1944,2003,Male,100,1,3,10,1766.3966415666218,13/03/2023,16:26:43
sweden,1944,2003,Male,100,1,5,1,914.6681774981632,13/03/2023,16:27:06
sweden,1944,2003,Male,100,1,5,2,827.516811819949,13/03/2023,16:27:06
sweden,1944,2003,Male,100,1,5,3,909.8806245443109,13/03/2023,16:27:06
sweden,1944,2003,Male,100,1,5,4,1058.9349842994216,13/03/2023,16:27:06
sweden,1944,2003,Male,100,1,5,5,962.9270247093552,13/03/2023,16:27:06
sweden,1944,2003,Male,100,1,5,6,1237.3341340187012,13/03/2023,16:27:06
sweden,1944,2003,Male,100,1,5,7,1177.524598780242,13/03/2023,16:27:06
sweden,1944,2003,Male,100,1,5,8,1111.7095955570799,13/03/2023,16:27:06
sweden,1944,2003,Male,100,1,5,9,1217.3384103949518,13/03/2023,16:27:06
sweden,1944,2003,Male,100,1,5,10,1081.6170751258876,13/03/2023,16:27:06
sweden,1944,2003,Male,100,1,6,1,813.2663565426726,13/03/2023,16:28:53
sweden,1944,2003,Male,100,1,6,2,776.1976497587284,13/03/2023,16:28:53
sweden,1944,2003,Male,100,1,6,3,833.5666929946947,13/03/2023,16:28:53
sweden,1944,2003,Male,100,1,6,4,850.8617603234154,13/03/2023,16:28:53
sweden,1944,2003,Male,100,1,6,5,833.4066100976466,13/03/2023,16:28:53
sweden,1944,2003,Male,100,1,6,6,918.7348669425598,13/03/2023,16:28:53
sweden,1944,2003,Male,100,1,6,7,899.733770431176,13/03/2023,16:28:53
sweden,1944,2003,Male,100,1,6,8,884.4723447295272,13/03/2023,16:28:53
sweden,1944,2003,Male,100,1,6,9,933.8817444504908,13/03/2023,16:28:53
sweden,1944,2003,Male,100,1,6,10,914.0962989959438,13/03/2023,16:28:53
sweden,1944,2003,Male,100,1,7,1,771.6268929114395,13/03/2023,16:35:05
sweden,1944,2003,Male,100,1,7,2,754.8690554140228,13/03/2023,16:35:05
sweden,1944,2003,Male,100,1,7,3,799.3031715784118,13/03/2023,16:35:05
sweden,1944,2003,Male,100,1,7,4,814.2275255610928,13/03/2023,16:35:05
sweden,1944,2003,Male,100,1,7,5,802.3961586609787,13/03/2023,16:35:05
sweden,1944,2003,Male,100,1,7,6,855.6070100709,13/03/2023,16:35:05
sweden,1944,2003,Male,100,1,7,7,845.8156726940897,13/03/2023,16:35:05
sweden,1944,2003,Male,100,1,7,8,845.3516975182786,13/03/2023,16:35:05
sweden,1944,2003,Male,100,1,7,9,866.9462313374928,13/03/2023,16:35:05
sweden,1944,2003,Male,100,1,7,10,857.5361109092904,13/03/2023,16:35:05
sweden,1945,2004,Male,100,1,3,1,1061.6837197272673,13/03/2023,16:35:10
sweden,1945,2004,Male,100,1,3,2,1076.4339120166264,13/03/2023,16:35:10
sweden,1945,2004,Male,100,1,3,3,1054.052776887244,13/03/2023,16:35:10
sweden,1945,2004,Male,100,1,3,4,891.6240767115235,13/03/2023,16:35:10
sweden,1945,2004,Male,100,1,3,5,1247.7398630045186,13/03/2023,16:35:10
sweden,1945,2004,Male,100,1,3,6,1151.0340421295791,13/03/2023,16:35:10
sweden,1945,2004,Male,100,1,3,7,1032.512197136805,13/03/2023,16:35:10
sweden,1945,2004,Male,100,1,3,8,1106.3482902103508,13/03/2023,16:35:10
sweden,1945,2004,Male,100,1,3,9,1124.3474217838423,13/03/2023,16:35:10
sweden,1945,2004,Male,100,1,3,10,1168.8267249641824,13/03/2023,16:35:10
sweden,1945,2004,Male,100,1,4,1,808.1799222887207,13/03/2023,16:37:10
sweden,1945,2004,Male,100,1,4,2,770.6330156300788,13/03/2023,16:37:10
sweden,1945,2004,Male,100,1,4,3,762.4861124588911,13/03/2023,16:37:10
sweden,1945,2004,Male,100,1,4,4,761.1175244770677,13/03/2023,16:37:10
sweden,1945,2004,Male,100,1,4,5,809.693536210696,13/03/2023,16:37:10
sweden,1945,2004,Male,100,1,4,6,800.0041010587399,13/03/2023,16:37:10
sweden,1945,2004,Male,100,1,4,7,796.0931283274349,13/03/2023,16:37:10
sweden,1945,2004,Male,100,1,4,8,817.0651097446909,13/03/2023,16:37:10
sweden,1945,2004,Male,100,1,4,9,817.6341367943006,13/03/2023,16:37:10
sweden,1945,2004,Male,100,1,4,10,831.7407700118316,13/03/2023,16:37:10
sweden,1945,2004,Male,100,1,5,1,763.4000975497282,13/03/2023,16:43:13
sweden,1945,2004,Male,100,1,5,2,773.818486795547,13/03/2023,16:43:13
sweden,1945,2004,Male,100,1,5,3,788.2199672632445,13/03/2023,16:43:13
sweden,1945,2004,Male,100,1,5,4,775.0725838054204,13/03/2023,16:43:13
sweden,1945,2004,Male,100,1,5,5,852.0590384932951,13/03/2023,16:43:13
sweden,1945,2004,Male,100,1,5,6,830.5010554320062,13/03/2023,16:43:13
sweden,1945,2004,Male,100,1,5,7,823.9724461063724,13/03/2023,16:43:13
sweden,1945,2004,Male,100,1,5,8,857.8190577183877,13/03/2023,16:43:13
sweden,1945,2004,Male,100,1,5,9,841.6110567924258,13/03/2023,16:43:13
sweden,1945,2004,Male,100,1,5,10,868.0327632131339,13/03/2023,16:43:13
sweden,1945,2004,Male,100,1,6,1,727.7877262107723,13/03/2023,16:46:48
sweden,1945,2004,Male,100,1,6,2,752.643968763455,13/03/2023,16:46:48
sweden,1945,2004,Male,100,1,6,3,761.0046047197764,13/03/2023,16:46:48
sweden,1945,2004,Male,100,1,6,4,758.9956145975221,13/03/2023,16:46:48
sweden,1945,2004,Male,100,1,6,5,802.8963267661912,13/03/2023,16:46:48
sweden,1945,2004,Male,100,1,6,6,798.6526897106505,13/03/2023,16:46:48
sweden,1945,2004,Male,100,1,6,7,803.8395232293167,13/03/2023,16:46:48
sweden,1945,2004,Male,100,1,6,8,820.5177019973273,13/03/2023,16:46:48
sweden,1945,2004,Male,100,1,6,9,822.8386928016745,13/03/2023,16:46:48
sweden,1945,2004,Male,100,1,6,10,842.2911984373502,13/03/2023,16:46:48
sweden,1945,2004,Male,100,1,7,1,704.0609686825983,14/03/2023,10:29:54
sweden,1945,2004,Male,100,1,7,2,727.2100638675851,14/03/2023,10:29:54
sweden,1945,2004,Male,100,1,7,3,746.2869873348557,14/03/2023,10:29:54
sweden,1945,2004,Male,100,1,7,4,746.5335373586342,14/03/2023,10:29:54
sweden,1945,2004,Male,100,1,7,5,789.2598684083423,14/03/2023,10:29:54
sweden,1945,2004,Male,100,1,7,6,787.9455622402186,14/03/2023,10:29:54
sweden,1945,2004,Male,100,1,7,7,793.1527139753395,14/03/2023,10:29:54
sweden,1945,2004,Male,100,1,7,8,808.2932304937588,14/03/2023,10:29:54
sweden,1945,2004,Male,100,1,7,9,812.4477718734038,14/03/2023,10:29:54
sweden,1945,2004,Male,100,1,7,10,828.6440367637429,14/03/2023,10:29:54
sweden,1946,2005,Male,100,1,3,1,1410.383336714392,14/03/2023,10:33:21
sweden,1946,2005,Male,100,1,3,2,1420.9606767994019,14/03/2023,10:33:21
sweden,1946,2005,Male,100,1,3,3,1189.445350308299,14/03/2023,10:33:21
sweden,1946,2005,Male,100,1,3,4,1904.7961410971704,14/03/2023,10:33:21
sweden,1946,2005,Male,100,1,3,5,1621.4301321620417,14/03/2023,10:33:21
sweden,1946,2005,Male,100,1,3,6,1613.6741398263293,14/03/2023,10:33:21
sweden,1946,2005,Male,100,1,3,7,1963.0702933210812,14/03/2023,10:33:21
sweden,1946,2005,Male,100,1,3,8,1802.9699880553064,14/03/2023,10:33:21
sweden,1946,2005,Male,100,1,3,9,2246.7042115256645,14/03/2023,10:33:21
sweden,1946,2005,Male,100,1,3,10,1932.3201890371151,14/03/2023,10:33:21
sweden,1946,2005,Male,100,1,4,1,812.7463101364424,14/03/2023,10:35:00
sweden,1946,2005,Male,100,1,4,2,815.4120403859639,14/03/2023,10:35:00
sweden,1946,2005,Male,100,1,4,3,786.2605033855369,14/03/2023,10:35:00
sweden,1946,2005,Male,100,1,4,4,890.5745384407903,14/03/2023,10:35:00
sweden,1946,2005,Male,100,1,4,5,865.5642905990533,14/03/2023,10:35:00
sweden,1946,2005,Male,100,1,4,6,842.6996924889173,14/03/2023,10:35:00
sweden,1946,2005,Male,100,1,4,7,866.9104155137054,14/03/2023,10:35:00
sweden,1946,2005,Male,100,1,4,8,846.3379741465104,14/03/2023,10:35:00
sweden,1946,2005,Male,100,1,4,9,870.9524618535535,14/03/2023,10:35:00
sweden,1946,2005,Male,100,1,4,10,843.2821948542368,14/03/2023,10:35:00
sweden,1946,2005,Male,100,1,5,1,810.3624746868705,14/03/2023,10:36:51
sweden,1946,2005,Male,100,1,5,2,815.697189926261,14/03/2023,10:36:51
sweden,1946,2005,Male,100,1,5,3,788.3419989729205,14/03/2023,10:36:51
sweden,1946,2005,Male,100,1,5,4,882.3236466066045,14/03/2023,10:36:51
sweden,1946,2005,Male,100,1,5,5,856.7852717925654,14/03/2023,10:36:51
sweden,1946,2005,Male,100,1,5,6,837.4328496127638,14/03/2023,10:36:51
sweden,1946,2005,Male,100,1,5,7,855.4209256467605,14/03/2023,10:36:51
sweden,1946,2005,Male,100,1,5,8,840.7564553434578,14/03/2023,10:36:51
sweden,1946,2005,Male,100,1,5,9,856.5371816371396,14/03/2023,10:36:51
sweden,1946,2005,Male,100,1,5,10,839.6863224561317,14/03/2023,10:36:51
sweden,1946,2005,Male,100,1,6,1,755.3397818036427,14/03/2023,10:38:00
sweden,1946,2005,Male,100,1,6,2,778.4608030353975,14/03/2023,10:38:00
sweden,1946,2005,Male,100,1,6,3,771.0771562789375,14/03/2023,10:38:00
sweden,1946,2005,Male,100,1,6,4,852.8937037197519,14/03/2023,10:38:00
sweden,1946,2005,Male,100,1,6,5,842.1088795928752,14/03/2023,10:38:00
sweden,1946,2005,Male,100,1,6,6,831.9960225370997,14/03/2023,10:38:00
sweden,1946,2005,Male,100,1,6,7,842.4811185551102,14/03/2023,10:38:00
sweden,1946,2005,Male,100,1,6,8,839.2074929838165,14/03/2023,10:38:00
sweden,1946,2005,Male,100,1,6,9,858.2694354276629,14/03/2023,10:38:00
sweden,1946,2005,Male,100,1,6,10,845.2957940338079,14/03/2023,10:38:00
sweden,1946,2005,Male,100,1,7,1,716.058086134396,14/03/2023,10:39:16
sweden,1946,2005,Male,100,1,7,2,763.2142517972688,14/03/2023,10:39:16
sweden,1946,2005,Male,100,1,7,3,766.0923880095916,14/03/2023,10:39:16
sweden,1946,2005,Male,100,1,7,4,842.7006656229798,14/03/2023,10:39:16
sweden,1946,2005,Male,100,1,7,5,843.4858721830473,14/03/2023,10:39:16
sweden,1946,2005,Male,100,1,7,6,834.2033297248598,14/03/2023,10:39:16
sweden,1946,2005,Male,100,1,7,7,853.025527471402,14/03/2023,10:39:16
sweden,1946,2005,Male,100,1,7,8,847.3682778041663,14/03/2023,10:39:16
sweden,1946,2005,Male,100,1,7,9,864.5859823307561,14/03/2023,10:39:16
sweden,1946,2005,Male,100,1,7,10,853.2071119384726,14/03/2023,10:39:16
sweden,1947,2006,Male,100,1,3,1,1345.2908180245101,14/03/2023,10:42:17
sweden,1947,2006,Male,100,1,3,2,1034.6634238414906,14/03/2023,10:42:17
sweden,1947,2006,Male,100,1,3,3,1457.8025227481426,14/03/2023,10:42:17
sweden,1947,2006,Male,100,1,3,4,1262.7654439654066,14/03/2023,10:42:17
sweden,1947,2006,Male,100,1,3,5,1160.1262258641177,14/03/2023,10:42:17
sweden,1947,2006,Male,100,1,3,6,1225.6780524648702,14/03/2023,10:42:17
sweden,1947,2006,Male,100,1,3,7,1117.672692980234,14/03/2023,10:42:17
sweden,1947,2006,Male,100,1,3,8,1395.0234602033236,14/03/2023,10:42:17
sweden,1947,2006,Male,100,1,3,9,1125.2167645389143,14/03/2023,10:42:17
sweden,1947,2006,Male,100,1,3,10,1616.2744798697463,14/03/2023,10:42:17
sweden,1947,2006,Male,100,1,4,1,743.9402531770913,14/03/2023,10:42:42
sweden,1947,2006,Male,100,1,4,2,771.4262199780635,14/03/2023,10:42:42
sweden,1947,2006,Male,100,1,4,3,831.8531330896552,14/03/2023,10:42:42
sweden,1947,2006,Male,100,1,4,4,836.2155828702392,14/03/2023,10:42:42
sweden,1947,2006,Male,100,1,4,5,818.9995688164486,14/03/2023,10:42:42
sweden,1947,2006,Male,100,1,4,6,840.6814668239566,14/03/2023,10:42:42
sweden,1947,2006,Male,100,1,4,7,854.1248134908589,14/03/2023,10:42:42
sweden,1947,2006,Male,100,1,4,8,889.8930610829489,14/03/2023,10:42:42
sweden,1947,2006,Male,100,1,4,9,879.2655607446692,14/03/2023,10:42:42
sweden,1947,2006,Male,100,1,4,10,936.9529000211585,14/03/2023,10:42:42
sweden,1947,2006,Male,100,1,5,1,719.6892889776321,14/03/2023,10:44:01
sweden,1947,2006,Male,100,1,5,2,755.3191842354993,14/03/2023,10:44:01
sweden,1947,2006,Male,100,1,5,3,797.4970736475275,14/03/2023,10:44:01
sweden,1947,2006,Male,100,1,5,4,800.1782580518485,14/03/2023,10:44:01
sweden,1947,2006,Male,100,1,5,5,783.2252170501766,14/03/2023,10:44:01
sweden,1947,2006,Male,100,1,5,6,802.0497158825887,14/03/2023,10:44:01
sweden,1947,2006,Male,100,1,5,7,807.3411904228249,14/03/2023,10:44:01
sweden,1947,2006,Male,100,1,5,8,811.7769331934217,14/03/2023,10:44:01
sweden,1947,2006,Male,100,1,5,9,810.6451802551758,14/03/2023,10:44:01
sweden,1947,2006,Male,100,1,5,10,828.7113384721412,14/03/2023,10:44:01
sweden,1947,2006,Male,100,1,6,1,676.4078295335321,14/03/2023,10:45:26
sweden,1947,2006,Male,100,1,6,2,703.8025927924562,14/03/2023,10:45:26
sweden,1947,2006,Male,100,1,6,3,767.8621619576953,14/03/2023,10:45:26
sweden,1947,2006,Male,100,1,6,4,773.7422958091776,14/03/2023,10:45:26
sweden,1947,2006,Male,100,1,6,5,765.9756684453682,14/03/2023,10:45:26
sweden,1947,2006,Male,100,1,6,6,784.506001764706,14/03/2023,10:45:26
sweden,1947,2006,Male,100,1,6,7,787.1616746822896,14/03/2023,10:45:26
sweden,1947,2006,Male,100,1,6,8,802.2206949487273,14/03/2023,10:45:26
sweden,1947,2006,Male,100,1,6,9,795.7175679968875,14/03/2023,10:45:26
sweden,1947,2006,Male,100,1,6,10,828.2205763708406,14/03/2023,10:45:26
sweden,1947,2006,Male,100,1,7,1,663.6457891752426,14/03/2023,10:46:50
sweden,1947,2006,Male,100,1,7,2,708.0853823187493,14/03/2023,10:46:50
sweden,1947,2006,Male,100,1,7,3,746.2158358008721,14/03/2023,10:46:50
sweden,1947,2006,Male,100,1,7,4,758.3627679566138,14/03/2023,10:46:50
sweden,1947,2006,Male,100,1,7,5,759.9849545917923,14/03/2023,10:46:50
sweden,1947,2006,Male,100,1,7,6,780.4127398431287,14/03/2023,10:46:50
sweden,1947,2006,Male,100,1,7,7,797.9029523371573,14/03/2023,10:46:50
sweden,1947,2006,Male,100,1,7,8,822.2683505585843,14/03/2023,10:46:50
sweden,1947,2006,Male,100,1,7,9,824.1361915842854,14/03/2023,10:46:50
sweden,1947,2006,Male,100,1,7,10,845.9977513194654,14/03/2023,10:46:50
sweden,1948,2007,Male,100,1,4,1,746.0622630021694,14/03/2023,10:54:14
sweden,1948,2007,Male,100,1,4,2,791.7025976829917,14/03/2023,10:54:14
sweden,1948,2007,Male,100,1,4,3,785.2287685903447,14/03/2023,10:54:14
sweden,1948,2007,Male,100,1,4,4,767.8722137434763,14/03/2023,10:54:14
sweden,1948,2007,Male,100,1,4,5,788.5094477315248,14/03/2023,10:54:14
sweden,1948,2007,Male,100,1,4,6,795.7726998793661,14/03/2023,10:54:14
sweden,1948,2007,Male,100,1,4,7,811.2901126976424,14/03/2023,10:54:14
sweden,1948,2007,Male,100,1,4,8,809.6262446965864,14/03/2023,10:54:14
sweden,1948,2007,Male,100,1,4,9,845.9112206153841,14/03/2023,10:54:14
sweden,1948,2007,Male,100,1,4,10,855.8244167669225,14/03/2023,10:54:14
sweden,1948,2007,Male,100,1,3,1,961.9966589743967,14/03/2023,10:54:17
sweden,1948,2007,Male,100,1,3,2,1153.5912956415075,14/03/2023,10:54:17
sweden,1948,2007,Male,100,1,3,3,1028.9520294360875,14/03/2023,10:54:17
sweden,1948,2007,Male,100,1,3,4,949.1866936855823,14/03/2023,10:54:17
sweden,1948,2007,Male,100,1,3,5,983.1342757034713,14/03/2023,10:54:17
sweden,1948,2007,Male,100,1,3,6,921.0557324138607,14/03/2023,10:54:17
sweden,1948,2007,Male,100,1,3,7,1080.2589023256082,14/03/2023,10:54:17
sweden,1948,2007,Male,100,1,3,8,950.6249389706005,14/03/2023,10:54:17
sweden,1948,2007,Male,100,1,3,9,1170.5852828900336,14/03/2023,10:54:17
sweden,1948,2007,Male,100,1,3,10,1032.3377650308778,14/03/2023,10:54:17
sweden,1948,2007,Male,100,1,5,1,746.8350254491187,14/03/2023,10:56:53
sweden,1948,2007,Male,100,1,5,2,761.8821410289719,14/03/2023,10:56:53
sweden,1948,2007,Male,100,1,5,3,768.3359974119427,14/03/2023,10:56:53
sweden,1948,2007,Male,100,1,5,4,759.3494208061912,14/03/2023,10:56:53
sweden,1948,2007,Male,100,1,5,5,784.6273931587027,14/03/2023,10:56:53
sweden,1948,2007,Male,100,1,5,6,801.4162876367423,14/03/2023,10:56:53
sweden,1948,2007,Male,100,1,5,7,813.6937179234548,14/03/2023,10:56:53
sweden,1948,2007,Male,100,1,5,8,821.921751802509,14/03/2023,10:56:53
sweden,1948,2007,Male,100,1,5,9,842.1927863086178,14/03/2023,10:56:53
sweden,1948,2007,Male,100,1,5,10,853.4896036210152,14/03/2023,10:56:53
sweden,1948,2007,Male,100,1,6,1,702.260198207019,14/03/2023,11:04:56
sweden,1948,2007,Male,100,1,6,2,732.2295733325082,14/03/2023,11:04:56
sweden,1948,2007,Male,100,1,6,3,748.758216275059,14/03/2023,11:04:56
sweden,1948,2007,Male,100,1,6,4,750.8012364380405,14/03/2023,11:04:56
sweden,1948,2007,Male,100,1,6,5,773.8217690964818,14/03/2023,11:04:56
sweden,1948,2007,Male,100,1,6,6,800.0995519737618,14/03/2023,11:04:56
sweden,1948,2007,Male,100,1,6,7,829.2153495560362,14/03/2023,11:04:56
sweden,1948,2007,Male,100,1,6,8,843.6558246780069,14/03/2023,11:04:56
sweden,1948,2007,Male,100,1,6,9,845.0467030724877,14/03/2023,11:04:56
sweden,1948,2007,Male,100,1,6,10,888.5169710592291,14/03/2023,11:04:56
sweden,1948,2007,Male,100,1,7,1,678.2641944820401,14/03/2023,11:08:55
sweden,1948,2007,Male,100,1,7,2,716.0986380730242,14/03/2023,11:08:55
sweden,1948,2007,Male,100,1,7,3,721.0848375528054,14/03/2023,11:08:55
sweden,1948,2007,Male,100,1,7,4,726.5647182941984,14/03/2023,11:08:55
sweden,1948,2007,Male,100,1,7,5,747.0774283159063,14/03/2023,11:08:55
sweden,1948,2007,Male,100,1,7,6,762.0265455817586,14/03/2023,11:08:55
sweden,1948,2007,Male,100,1,7,7,782.8911563000372,14/03/2023,11:08:55
sweden,1948,2007,Male,100,1,7,8,797.2017268527343,14/03/2023,11:08:55
sweden,1948,2007,Male,100,1,7,9,836.3085330857234,14/03/2023,11:08:55
sweden,1948,2007,Male,100,1,7,10,848.1013850825501,14/03/2023,11:08:55
sweden,1949,2008,Male,100,1,3,1,1334.7329668327436,15/03/2023,04:07:48
sweden,1949,2008,Male,100,1,3,2,1078.423952842046,15/03/2023,04:07:48
sweden,1949,2008,Male,100,1,3,3,1016.3884654997047,15/03/2023,04:07:48
sweden,1949,2008,Male,100,1,3,4,984.356184125945,15/03/2023,04:07:48
sweden,1949,2008,Male,100,1,3,5,954.3283444292321,15/03/2023,04:07:48
sweden,1949,2008,Male,100,1,3,6,1044.8982129788724,15/03/2023,04:07:48
sweden,1949,2008,Male,100,1,3,7,955.5551412153401,15/03/2023,04:07:48
sweden,1949,2008,Male,100,1,3,8,1103.70633099383,15/03/2023,04:07:48
sweden,1949,2008,Male,100,1,3,9,1111.0193880015402,15/03/2023,04:07:48
sweden,1949,2008,Male,100,1,3,10,1161.922510945073,15/03/2023,04:07:48
sweden,1949,2008,Male,100,1,4,1,840.3687371008031,15/03/2023,04:11:45
sweden,1949,2008,Male,100,1,4,2,780.2854323207972,15/03/2023,04:11:45
sweden,1949,2008,Male,100,1,4,3,752.6776972955347,15/03/2023,04:11:45
sweden,1949,2008,Male,100,1,4,4,766.8974481545455,15/03/2023,04:11:45
sweden,1949,2008,Male,100,1,4,5,768.8018655584208,15/03/2023,04:11:45
sweden,1949,2008,Male,100,1,4,6,785.9567835521469,15/03/2023,04:11:45
sweden,1949,2008,Male,100,1,4,7,783.2084755726574,15/03/2023,04:11:45
sweden,1949,2008,Male,100,1,4,8,818.105814735735,15/03/2023,04:11:45
sweden,1949,2008,Male,100,1,4,9,828.2385331120943,15/03/2023,04:11:45
sweden,1949,2008,Male,100,1,4,10,839.9426293262584,15/03/2023,04:11:45
sweden,1949,2008,Male,100,1,5,1,805.0271515905686,15/03/2023,04:13:51
sweden,1949,2008,Male,100,1,5,2,767.303085146699,15/03/2023,04:13:51
sweden,1949,2008,Male,100,1,5,3,746.0501224434413,15/03/2023,04:13:51
sweden,1949,2008,Male,100,1,5,4,771.3033833797566,15/03/2023,04:13:51
sweden,1949,2008,Male,100,1,5,5,778.8503564573342,15/03/2023,04:13:51
sweden,1949,2008,Male,100,1,5,6,802.2356974170307,15/03/2023,04:13:51
sweden,1949,2008,Male,100,1,5,7,799.4855955423294,15/03/2023,04:13:51
sweden,1949,2008,Male,100,1,5,8,852.2884812031295,15/03/2023,04:13:51
sweden,1949,2008,Male,100,1,5,9,883.9409072778172,15/03/2023,04:13:51
sweden,1949,2008,Male,100,1,5,10,913.6105132800019,15/03/2023,04:13:51
sweden,1949,2008,Male,100,1,6,1,745.6073368578974,15/03/2023,04:16:24
sweden,1949,2008,Male,100,1,6,2,710.6624626630982,15/03/2023,04:16:24
sweden,1949,2008,Male,100,1,6,3,709.9697782328296,15/03/2023,04:16:24
sweden,1949,2008,Male,100,1,6,4,726.9039251814271,15/03/2023,04:16:24
sweden,1949,2008,Male,100,1,6,5,740.825366270957,15/03/2023,04:16:24
sweden,1949,2008,Male,100,1,6,6,764.2874665833637,15/03/2023,04:16:24
sweden,1949,2008,Male,100,1,6,7,773.9825798630719,15/03/2023,04:16:24
sweden,1949,2008,Male,100,1,6,8,814.5231045895694,15/03/2023,04:16:24
sweden,1949,2008,Male,100,1,6,9,831.0973916540374,15/03/2023,04:16:24
sweden,1949,2008,Male,100,1,6,10,834.5739797766006,15/03/2023,04:16:24
sweden,1949,2008,Male,100,1,7,1,741.3221957747002,15/03/2023,04:17:27
sweden,1949,2008,Male,100,1,7,2,715.3265499746632,15/03/2023,04:17:27
sweden,1949,2008,Male,100,1,7,3,715.8236368767151,15/03/2023,04:17:27
sweden,1949,2008,Male,100,1,7,4,734.0197119305611,15/03/2023,04:17:27
sweden,1949,2008,Male,100,1,7,5,749.3584015414898,15/03/2023,04:17:27
sweden,1949,2008,Male,100,1,7,6,780.9745954371843,15/03/2023,04:17:27
sweden,1949,2008,Male,100,1,7,7,791.4793342764958,15/03/2023,04:17:27
sweden,1949,2008,Male,100,1,7,8,848.1445327053376,15/03/2023,04:17:27
sweden,1949,2008,Male,100,1,7,9,869.7005706871664,15/03/2023,04:17:27
sweden,1949,2008,Male,100,1,7,10,881.803143680789,15/03/2023,04:17:27
sweden,1950,2009,Male,100,1,3,1,1004.7489056749185,15/03/2023,04:17:33
sweden,1950,2009,Male,100,1,3,2,859.296635053565,15/03/2023,04:17:33
sweden,1950,2009,Male,100,1,3,3,846.3605243395752,15/03/2023,04:17:33
sweden,1950,2009,Male,100,1,3,4,822.8707333337624,15/03/2023,04:17:33
sweden,1950,2009,Male,100,1,3,5,856.2612400724141,15/03/2023,04:17:33
sweden,1950,2009,Male,100,1,3,6,832.3159329577587,15/03/2023,04:17:33
sweden,1950,2009,Male,100,1,3,7,933.2864178376501,15/03/2023,04:17:33
sweden,1950,2009,Male,100,1,3,8,900.497512946713,15/03/2023,04:17:33
sweden,1950,2009,Male,100,1,3,9,928.0296013352846,15/03/2023,04:17:33
sweden,1950,2009,Male,100,1,3,10,953.4629873241201,15/03/2023,04:17:33
sweden,1950,2009,Male,100,1,4,1,805.9708039829829,15/03/2023,04:20:04
sweden,1950,2009,Male,100,1,4,2,735.6488459117325,15/03/2023,04:20:04
sweden,1950,2009,Male,100,1,4,3,754.4098674856374,15/03/2023,04:20:04
sweden,1950,2009,Male,100,1,4,4,757.7373245505413,15/03/2023,04:20:04
sweden,1950,2009,Male,100,1,4,5,775.1744548491191,15/03/2023,04:20:04
sweden,1950,2009,Male,100,1,4,6,777.5382915598022,15/03/2023,04:20:04
sweden,1950,2009,Male,100,1,4,7,816.98830557876,15/03/2023,04:20:04
sweden,1950,2009,Male,100,1,4,8,831.1910827034151,15/03/2023,04:20:04
sweden,1950,2009,Male,100,1,4,9,840.5393908821874,15/03/2023,04:20:04
sweden,1950,2009,Male,100,1,4,10,853.3595650256893,15/03/2023,04:20:04
sweden,1950,2009,Male,100,1,5,1,744.3054663926321,15/03/2023,04:20:20
sweden,1950,2009,Male,100,1,5,2,724.1139738436709,15/03/2023,04:20:20
sweden,1950,2009,Male,100,1,5,3,752.7442136686474,15/03/2023,04:20:20
sweden,1950,2009,Male,100,1,5,4,768.6442792045782,15/03/2023,04:20:20
sweden,1950,2009,Male,100,1,5,5,824.9948834635917,15/03/2023,04:20:20
sweden,1950,2009,Male,100,1,5,6,841.6476980382004,15/03/2023,04:20:20
sweden,1950,2009,Male,100,1,5,7,886.5369136950449,15/03/2023,04:20:20
sweden,1950,2009,Male,100,1,5,8,955.2179379318827,15/03/2023,04:20:20
sweden,1950,2009,Male,100,1,5,9,905.1231285209433,15/03/2023,04:20:20
sweden,1950,2009,Male,100,1,5,10,1015.097454694342,15/03/2023,04:20:20
sweden,1950,2009,Male,100,1,6,1,679.600194032833,15/03/2023,04:21:56
sweden,1950,2009,Male,100,1,6,2,685.6897731556841,15/03/2023,04:21:56
sweden,1950,2009,Male,100,1,6,3,704.0585410449384,15/03/2023,04:21:56
sweden,1950,2009,Male,100,1,6,4,729.5825111860271,15/03/2023,04:21:56
sweden,1950,2009,Male,100,1,6,5,765.01728896143,15/03/2023,04:21:56
sweden,1950,2009,Male,100,1,6,6,800.6091204188887,15/03/2023,04:21:56
sweden,1950,2009,Male,100,1,6,7,881.7300339758551,15/03/2023,04:21:56
sweden,1950,2009,Male,100,1,6,8,911.463465268435,15/03/2023,04:21:56
sweden,1950,2009,Male,100,1,6,9,903.6787999621713,15/03/2023,04:21:56
sweden,1950,2009,Male,100,1,6,10,924.8416747080687,15/03/2023,04:21:56
sweden,1950,2009,Male,100,1,7,1,676.6664766984724,15/03/2023,04:23:06
sweden,1950,2009,Male,100,1,7,2,685.14672585919,15/03/2023,04:23:06
sweden,1950,2009,Male,100,1,7,3,703.2974069491846,15/03/2023,04:23:06
sweden,1950,2009,Male,100,1,7,4,721.6274633249182,15/03/2023,04:23:06
sweden,1950,2009,Male,100,1,7,5,750.8199338123121,15/03/2023,04:23:06
sweden,1950,2009,Male,100,1,7,6,783.1124085545712,15/03/2023,04:23:06
sweden,1950,2009,Male,100,1,7,7,844.5429828608692,15/03/2023,04:23:06
sweden,1950,2009,Male,100,1,7,8,861.9568641294611,15/03/2023,04:23:06
sweden,1950,2009,Male,100,1,7,9,859.0099466708451,15/03/2023,04:23:06
sweden,1950,2009,Male,100,1,7,10,868.352486838701,15/03/2023,04:23:06
sweden,1951,2010,Male,100,1,3,1,869.2243737222595,15/03/2023,04:23:42
sweden,1951,2010,Male,100,1,3,2,821.3297981529818,15/03/2023,04:23:42
sweden,1951,2010,Male,100,1,3,3,817.9076978806743,15/03/2023,04:23:42
sweden,1951,2010,Male,100,1,3,4,857.1871888862433,15/03/2023,04:23:42
sweden,1951,2010,Male,100,1,3,5,813.702346401894,15/03/2023,04:23:42
sweden,1951,2010,Male,100,1,3,6,877.3310016303168,15/03/2023,04:23:42
sweden,1951,2010,Male,100,1,3,7,918.3812787120414,15/03/2023,04:23:42
sweden,1951,2010,Male,100,1,3,8,971.6191180545668,15/03/2023,04:23:42
sweden,1951,2010,Male,100,1,3,9,898.3347286680139,15/03/2023,04:23:42
sweden,1951,2010,Male,100,1,3,10,4883.0518896922495,15/03/2023,04:23:42
sweden,1951,2010,Male,100,1,4,1,731.125917266588,15/03/2023,04:28:57
sweden,1951,2010,Male,100,1,4,2,749.6940017612997,15/03/2023,04:28:57
sweden,1951,2010,Male,100,1,4,3,759.5546116581559,15/03/2023,04:28:57
sweden,1951,2010,Male,100,1,4,4,784.4031922272559,15/03/2023,04:28:57
sweden,1951,2010,Male,100,1,4,5,802.595018812267,15/03/2023,04:28:57
sweden,1951,2010,Male,100,1,4,6,882.9033305954615,15/03/2023,04:28:57
sweden,1951,2010,Male,100,1,4,7,868.0028606453158,15/03/2023,04:28:57
sweden,1951,2010,Male,100,1,4,8,877.3278433194274,15/03/2023,04:28:57
sweden,1951,2010,Male,100,1,4,9,890.6999535607156,15/03/2023,04:28:57
sweden,1951,2010,Male,100,1,4,10,3237.3793841155925,15/03/2023,04:28:57
sweden,1951,2010,Male,100,1,5,1,711.0345638670804,15/03/2023,04:29:32
sweden,1951,2010,Male,100,1,5,2,744.786375962454,15/03/2023,04:29:32
sweden,1951,2010,Male,100,1,5,3,775.2844403377559,15/03/2023,04:29:32
sweden,1951,2010,Male,100,1,5,4,824.063257895888,15/03/2023,04:29:32
sweden,1951,2010,Male,100,1,5,5,853.2357965527951,15/03/2023,04:29:32
sweden,1951,2010,Male,100,1,5,6,959.8233724022238,15/03/2023,04:29:32
sweden,1951,2010,Male,100,1,5,7,962.8201798878783,15/03/2023,04:29:32
sweden,1951,2010,Male,100,1,5,8,1030.622540275769,15/03/2023,04:29:32
sweden,1951,2010,Male,100,1,5,9,932.2258666142245,15/03/2023,04:29:32
sweden,1951,2010,Male,100,1,5,10,6095.067658157322,15/03/2023,04:29:32
sweden,1951,2010,Male,100,1,6,1,689.4865859536378,15/03/2023,04:30:43
sweden,1951,2010,Male,100,1,6,2,706.5419164757012,15/03/2023,04:30:43
sweden,1951,2010,Male,100,1,6,3,740.6601496188719,15/03/2023,04:30:43
sweden,1951,2010,Male,100,1,6,4,774.995165243862,15/03/2023,04:30:43
sweden,1951,2010,Male,100,1,6,5,821.06070241746,15/03/2023,04:30:43
sweden,1951,2010,Male,100,1,6,6,877.2494012769554,15/03/2023,04:30:43
sweden,1951,2010,Male,100,1,6,7,901.90119013347,15/03/2023,04:30:43
sweden,1951,2010,Male,100,1,6,8,884.9049946480721,15/03/2023,04:30:43
sweden,1951,2010,Male,100,1,6,9,888.6330712804231,15/03/2023,04:30:43
sweden,1951,2010,Male,100,1,6,10,2440.2079296797547,15/03/2023,04:30:43
sweden,1951,2010,Male,100,1,7,1,662.957958905817,15/03/2023,04:36:15
sweden,1951,2010,Male,100,1,7,2,690.6850076891188,15/03/2023,04:36:15
sweden,1951,2010,Male,100,1,7,3,718.2404021465194,15/03/2023,04:36:15
sweden,1951,2010,Male,100,1,7,4,752.3646328847674,15/03/2023,04:36:15
sweden,1951,2010,Male,100,1,7,5,800.0105395904104,15/03/2023,04:36:15
sweden,1951,2010,Male,100,1,7,6,877.1257906958442,15/03/2023,04:36:15
sweden,1951,2010,Male,100,1,7,7,903.9552676227614,15/03/2023,04:36:15
sweden,1951,2010,Male,100,1,7,8,886.8799422545584,15/03/2023,04:36:15
sweden,1951,2010,Male,100,1,7,9,897.1674262778398,15/03/2023,04:36:15
sweden,1951,2010,Male,100,1,7,10,3623.3451473750206,15/03/2023,04:36:15
