country,first_year_train,last_year_train,sex,max_age,num_basis,tau,latent_dim,forecast_horizon,log_score,date,time,model
sweden,1934,1993,Male,100,5,10.0,3,1,480.2126523649167,15/03/2023,17:57:03,radial_basis
sweden,1934,1993,Male,100,5,10.0,3,2,439.7635814684629,15/03/2023,17:57:03,radial_basis
sweden,1934,1993,Male,100,5,10.0,3,3,456.9950238607147,15/03/2023,17:57:03,radial_basis
sweden,1934,1993,Male,100,5,10.0,3,4,469.90941820237384,15/03/2023,17:57:03,radial_basis
sweden,1934,1993,Male,100,5,10.0,3,5,461.0410922419698,15/03/2023,17:57:03,radial_basis
sweden,1934,1993,Male,100,5,10.0,3,6,467.41935019232346,15/03/2023,17:57:03,radial_basis
sweden,1934,1993,Male,100,5,10.0,3,7,497.3755614703008,15/03/2023,17:57:03,radial_basis
sweden,1934,1993,Male,100,5,10.0,3,8,504.45420613875507,15/03/2023,17:57:03,radial_basis
sweden,1934,1993,Male,100,5,10.0,3,9,503.92933400134734,15/03/2023,17:57:03,radial_basis
sweden,1934,1993,Male,100,5,10.0,3,10,509.2376816332533,15/03/2023,17:57:03,radial_basis
sweden,1933,1992,Male,100,5,10.0,4,1,432.48831296619,15/03/2023,18:01:01,radial_basis
sweden,1933,1992,Male,100,5,10.0,4,2,446.7948281213481,15/03/2023,18:01:01,radial_basis
sweden,1933,1992,Male,100,5,10.0,4,3,442.8039941899533,15/03/2023,18:01:01,radial_basis
sweden,1933,1992,Male,100,5,10.0,4,4,457.8524034128742,15/03/2023,18:01:01,radial_basis
sweden,1933,1992,Male,100,5,10.0,4,5,463.7897581809861,15/03/2023,18:01:01,radial_basis
sweden,1933,1992,Male,100,5,10.0,4,6,470.84653370105815,15/03/2023,18:01:01,radial_basis
sweden,1933,1992,Male,100,5,10.0,4,7,476.33358365034576,15/03/2023,18:01:01,radial_basis
sweden,1933,1992,Male,100,5,10.0,4,8,493.09836570755016,15/03/2023,18:01:01,radial_basis
sweden,1933,1992,Male,100,5,10.0,4,9,497.4015011949741,15/03/2023,18:01:01,radial_basis
sweden,1933,1992,Male,100,5,10.0,4,10,500.9062559035789,15/03/2023,18:01:01,radial_basis
sweden,1934,1993,Male,100,5,10.0,4,1,457.2558863326,15/03/2023,18:02:57,radial_basis
sweden,1934,1993,Male,100,5,10.0,4,2,440.53262558490417,15/03/2023,18:02:57,radial_basis
sweden,1934,1993,Male,100,5,10.0,4,3,461.06200063793045,15/03/2023,18:02:57,radial_basis
sweden,1934,1993,Male,100,5,10.0,4,4,466.94745320475704,15/03/2023,18:02:57,radial_basis
sweden,1934,1993,Male,100,5,10.0,4,5,474.9519970378305,15/03/2023,18:02:57,radial_basis
sweden,1934,1993,Male,100,5,10.0,4,6,483.84918393656847,15/03/2023,18:02:57,radial_basis
sweden,1934,1993,Male,100,5,10.0,4,7,503.77837154188654,15/03/2023,18:02:57,radial_basis
sweden,1934,1993,Male,100,5,10.0,4,8,516.9683448365247,15/03/2023,18:02:57,radial_basis
sweden,1934,1993,Male,100,5,10.0,4,9,517.8982894310174,15/03/2023,18:02:57,radial_basis
sweden,1934,1993,Male,100,5,10.0,4,10,520.9166406980606,15/03/2023,18:02:57,radial_basis
sweden,1933,1992,Male,100,5,10.0,5,1,436.6824164110645,15/03/2023,18:04:43,radial_basis
sweden,1933,1992,Male,100,5,10.0,5,2,424.58938730142376,15/03/2023,18:04:43,radial_basis
sweden,1933,1992,Male,100,5,10.0,5,3,433.8343958722545,15/03/2023,18:04:43,radial_basis
sweden,1933,1992,Male,100,5,10.0,5,4,442.1968929368816,15/03/2023,18:04:43,radial_basis
sweden,1933,1992,Male,100,5,10.0,5,5,456.63206195010514,15/03/2023,18:04:43,radial_basis
sweden,1933,1992,Male,100,5,10.0,5,6,467.3258846929116,15/03/2023,18:04:43,radial_basis
sweden,1933,1992,Male,100,5,10.0,5,7,468.8592257618793,15/03/2023,18:04:43,radial_basis
sweden,1933,1992,Male,100,5,10.0,5,8,486.57592978763995,15/03/2023,18:04:43,radial_basis
sweden,1933,1992,Male,100,5,10.0,5,9,488.46689063067373,15/03/2023,18:04:43,radial_basis
sweden,1933,1992,Male,100,5,10.0,5,10,495.8736539468936,15/03/2023,18:04:43,radial_basis
sweden,1933,1992,Male,100,5,10.0,3,1,435.1702830062259,15/03/2023,18:06:32,radial_basis
sweden,1933,1992,Male,100,5,10.0,3,2,440.82053906782517,15/03/2023,18:06:32,radial_basis
sweden,1933,1992,Male,100,5,10.0,3,3,429.58927167322406,15/03/2023,18:06:32,radial_basis
sweden,1933,1992,Male,100,5,10.0,3,4,439.75677062382255,15/03/2023,18:06:32,radial_basis
sweden,1933,1992,Male,100,5,10.0,3,5,446.9030251042712,15/03/2023,18:06:32,radial_basis
sweden,1933,1992,Male,100,5,10.0,3,6,447.5692808911767,15/03/2023,18:06:32,radial_basis
sweden,1933,1992,Male,100,5,10.0,3,7,456.8419710749087,15/03/2023,18:06:32,radial_basis
sweden,1933,1992,Male,100,5,10.0,3,8,473.8958480261268,15/03/2023,18:06:32,radial_basis
sweden,1933,1992,Male,100,5,10.0,3,9,479.6812758343406,15/03/2023,18:06:32,radial_basis
sweden,1933,1992,Male,100,5,10.0,3,10,482.13811192207004,15/03/2023,18:06:32,radial_basis
sweden,1933,1992,Male,100,10,10.0,3,1,435.61541187838964,15/03/2023,18:18:55,radial_basis
sweden,1933,1992,Male,100,10,10.0,3,2,452.3146899587498,15/03/2023,18:18:55,radial_basis
sweden,1933,1992,Male,100,10,10.0,3,3,437.8975177199365,15/03/2023,18:18:55,radial_basis
sweden,1933,1992,Male,100,10,10.0,3,4,451.29345254675303,15/03/2023,18:18:55,radial_basis
sweden,1933,1992,Male,100,10,10.0,3,5,456.9739048884153,15/03/2023,18:18:55,radial_basis
sweden,1933,1992,Male,100,10,10.0,3,6,457.2841463141903,15/03/2023,18:18:55,radial_basis
sweden,1933,1992,Male,100,10,10.0,3,7,460.62338924305504,15/03/2023,18:18:55,radial_basis
sweden,1933,1992,Male,100,10,10.0,3,8,484.0774796006407,15/03/2023,18:18:55,radial_basis
sweden,1933,1992,Male,100,10,10.0,3,9,485.23316032678224,15/03/2023,18:18:55,radial_basis
sweden,1933,1992,Male,100,10,10.0,3,10,491.63501020922115,15/03/2023,18:18:55,radial_basis
sweden,1933,1992,Male,100,10,10.0,4,1,423.7891860922685,15/03/2023,18:19:30,radial_basis
sweden,1933,1992,Male,100,10,10.0,4,2,445.4689042169503,15/03/2023,18:19:30,radial_basis
sweden,1933,1992,Male,100,10,10.0,4,3,437.42837548728625,15/03/2023,18:19:30,radial_basis
sweden,1933,1992,Male,100,10,10.0,4,4,454.34014298373995,15/03/2023,18:19:30,radial_basis
sweden,1933,1992,Male,100,10,10.0,4,5,461.76188232881833,15/03/2023,18:19:30,radial_basis
sweden,1933,1992,Male,100,10,10.0,4,6,464.5362416208749,15/03/2023,18:19:30,radial_basis
sweden,1933,1992,Male,100,10,10.0,4,7,474.0734359426541,15/03/2023,18:19:30,radial_basis
sweden,1933,1992,Male,100,10,10.0,4,8,500.80430531414993,15/03/2023,18:19:30,radial_basis
sweden,1933,1992,Male,100,10,10.0,4,9,506.7711987440321,15/03/2023,18:19:30,radial_basis
sweden,1933,1992,Male,100,10,10.0,4,10,510.61301873184755,15/03/2023,18:19:30,radial_basis
sweden,1934,1993,Male,100,15,10.0,3,1,430.44206839958485,15/03/2023,18:23:34,radial_basis
sweden,1934,1993,Male,100,15,10.0,3,2,414.8560109991238,15/03/2023,18:23:34,radial_basis
sweden,1934,1993,Male,100,15,10.0,3,3,429.34143746436513,15/03/2023,18:23:34,radial_basis
sweden,1934,1993,Male,100,15,10.0,3,4,442.0181059534638,15/03/2023,18:23:34,radial_basis
sweden,1934,1993,Male,100,15,10.0,3,5,440.9556695304576,15/03/2023,18:23:34,radial_basis
sweden,1934,1993,Male,100,15,10.0,3,6,448.8873932063875,15/03/2023,18:23:34,radial_basis
sweden,1934,1993,Male,100,15,10.0,3,7,476.0613489271687,15/03/2023,18:23:34,radial_basis
sweden,1934,1993,Male,100,15,10.0,3,8,483.86336439613643,15/03/2023,18:23:34,radial_basis
sweden,1934,1993,Male,100,15,10.0,3,9,490.14720450119216,15/03/2023,18:23:34,radial_basis
sweden,1934,1993,Male,100,15,10.0,3,10,488.1164525956365,15/03/2023,18:23:34,radial_basis
sweden,1933,1992,Male,100,15,10.0,3,1,440.5675034197952,15/03/2023,18:23:42,radial_basis
sweden,1933,1992,Male,100,15,10.0,3,2,469.5638776908219,15/03/2023,18:23:42,radial_basis
sweden,1933,1992,Male,100,15,10.0,3,3,437.0114697320835,15/03/2023,18:23:42,radial_basis
sweden,1933,1992,Male,100,15,10.0,3,4,456.2906878159762,15/03/2023,18:23:42,radial_basis
sweden,1933,1992,Male,100,15,10.0,3,5,467.78172925497336,15/03/2023,18:23:42,radial_basis
sweden,1933,1992,Male,100,15,10.0,3,6,459.56026300653593,15/03/2023,18:23:42,radial_basis
sweden,1933,1992,Male,100,15,10.0,3,7,468.85504781199745,15/03/2023,18:23:42,radial_basis
sweden,1933,1992,Male,100,15,10.0,3,8,491.6796198392867,15/03/2023,18:23:42,radial_basis
sweden,1933,1992,Male,100,15,10.0,3,9,508.722734968521,15/03/2023,18:23:42,radial_basis
sweden,1933,1992,Male,100,15,10.0,3,10,507.4352954355766,15/03/2023,18:23:42,radial_basis
sweden,1934,1993,Male,100,15,10.0,4,1,448.95570008028386,15/03/2023,18:29:11,radial_basis
sweden,1934,1993,Male,100,15,10.0,4,2,432.3096130408068,15/03/2023,18:29:11,radial_basis
sweden,1934,1993,Male,100,15,10.0,4,3,444.6431209235122,15/03/2023,18:29:11,radial_basis
sweden,1934,1993,Male,100,15,10.0,4,4,455.4901161359375,15/03/2023,18:29:11,radial_basis
sweden,1934,1993,Male,100,15,10.0,4,5,468.61248619935145,15/03/2023,18:29:11,radial_basis
sweden,1934,1993,Male,100,15,10.0,4,6,474.3666937808917,15/03/2023,18:29:11,radial_basis
sweden,1934,1993,Male,100,15,10.0,4,7,505.786965292477,15/03/2023,18:29:11,radial_basis
sweden,1934,1993,Male,100,15,10.0,4,8,503.87774283497765,15/03/2023,18:29:11,radial_basis
sweden,1934,1993,Male,100,15,10.0,4,9,508.3838895704369,15/03/2023,18:29:11,radial_basis
sweden,1934,1993,Male,100,15,10.0,4,10,510.1192835592606,15/03/2023,18:29:11,radial_basis
sweden,1934,1993,Male,100,10,10.0,3,1,438.7151241121673,15/03/2023,18:32:01,radial_basis
sweden,1934,1993,Male,100,10,10.0,3,2,421.3543262799102,15/03/2023,18:32:01,radial_basis
sweden,1934,1993,Male,100,10,10.0,3,3,428.1339227618735,15/03/2023,18:32:01,radial_basis
sweden,1934,1993,Male,100,10,10.0,3,4,437.21439752025896,15/03/2023,18:32:01,radial_basis
sweden,1934,1993,Male,100,10,10.0,3,5,438.8861265629618,15/03/2023,18:32:01,radial_basis
sweden,1934,1993,Male,100,10,10.0,3,6,443.613216599137,15/03/2023,18:32:01,radial_basis
sweden,1934,1993,Male,100,10,10.0,3,7,471.00513684070694,15/03/2023,18:32:01,radial_basis
sweden,1934,1993,Male,100,10,10.0,3,8,476.8710536046846,15/03/2023,18:32:01,radial_basis
sweden,1934,1993,Male,100,10,10.0,3,9,481.2802721297502,15/03/2023,18:32:01,radial_basis
sweden,1934,1993,Male,100,10,10.0,3,10,471.2832252767063,15/03/2023,18:32:01,radial_basis
sweden,1934,1993,Male,100,10,10.0,4,1,439.05400788774267,15/03/2023,18:35:42,radial_basis
sweden,1934,1993,Male,100,10,10.0,4,2,426.4817594369277,15/03/2023,18:35:42,radial_basis
sweden,1934,1993,Male,100,10,10.0,4,3,439.60876335610027,15/03/2023,18:35:42,radial_basis
sweden,1934,1993,Male,100,10,10.0,4,4,449.3623641025714,15/03/2023,18:35:42,radial_basis
sweden,1934,1993,Male,100,10,10.0,4,5,454.74205549204424,15/03/2023,18:35:42,radial_basis
sweden,1934,1993,Male,100,10,10.0,4,6,462.12121776226707,15/03/2023,18:35:42,radial_basis
sweden,1934,1993,Male,100,10,10.0,4,7,485.88806049309545,15/03/2023,18:35:42,radial_basis
sweden,1934,1993,Male,100,10,10.0,4,8,491.362317935432,15/03/2023,18:35:42,radial_basis
sweden,1934,1993,Male,100,10,10.0,4,9,493.5561500925093,15/03/2023,18:35:42,radial_basis
sweden,1934,1993,Male,100,10,10.0,4,10,494.17095345069276,15/03/2023,18:35:42,radial_basis
sweden,1933,1992,Male,100,10,10.0,5,1,424.45091585271507,15/03/2023,20:36:19,radial_basis
sweden,1933,1992,Male,100,10,10.0,5,2,456.62505395962256,15/03/2023,20:36:19,radial_basis
sweden,1933,1992,Male,100,10,10.0,5,3,441.9625021451208,15/03/2023,20:36:19,radial_basis
sweden,1933,1992,Male,100,10,10.0,5,4,450.80590225114645,15/03/2023,20:36:19,radial_basis
sweden,1933,1992,Male,100,10,10.0,5,5,460.8288603362872,15/03/2023,20:36:19,radial_basis
sweden,1933,1992,Male,100,10,10.0,5,6,462.5719205612703,15/03/2023,20:36:19,radial_basis
sweden,1933,1992,Male,100,10,10.0,5,7,467.6962898064334,15/03/2023,20:36:19,radial_basis
sweden,1933,1992,Male,100,10,10.0,5,8,487.60281362165557,15/03/2023,20:36:19,radial_basis
sweden,1933,1992,Male,100,10,10.0,5,9,497.68511194684174,15/03/2023,20:36:19,radial_basis
sweden,1933,1992,Male,100,10,10.0,5,10,498.3954851865573,15/03/2023,20:36:19,radial_basis
sweden,1933,1992,Male,100,15,10.0,4,1,417.8164911572128,15/03/2023,20:39:19,radial_basis
sweden,1933,1992,Male,100,15,10.0,4,2,448.9069078411418,15/03/2023,20:39:19,radial_basis
sweden,1933,1992,Male,100,15,10.0,4,3,430.91034831051593,15/03/2023,20:39:19,radial_basis
sweden,1933,1992,Male,100,15,10.0,4,4,444.24169374405494,15/03/2023,20:39:19,radial_basis
sweden,1933,1992,Male,100,15,10.0,4,5,455.10287908294373,15/03/2023,20:39:19,radial_basis
sweden,1933,1992,Male,100,15,10.0,4,6,457.09070120568686,15/03/2023,20:39:19,radial_basis
sweden,1933,1992,Male,100,15,10.0,4,7,464.02400975933466,15/03/2023,20:39:19,radial_basis
sweden,1933,1992,Male,100,15,10.0,4,8,488.25583814667135,15/03/2023,20:39:19,radial_basis
sweden,1933,1992,Male,100,15,10.0,4,9,494.1034631653566,15/03/2023,20:39:19,radial_basis
sweden,1933,1992,Male,100,15,10.0,4,10,495.5547809588538,15/03/2023,20:39:19,radial_basis
sweden,1933,1992,Male,100,15,10.0,5,1,440.37741178103823,15/03/2023,20:43:04,radial_basis
sweden,1933,1992,Male,100,15,10.0,5,2,446.46066738428556,15/03/2023,20:43:04,radial_basis
sweden,1933,1992,Male,100,15,10.0,5,3,440.5951746704429,15/03/2023,20:43:04,radial_basis
sweden,1933,1992,Male,100,15,10.0,5,4,458.9469687263643,15/03/2023,20:43:04,radial_basis
sweden,1933,1992,Male,100,15,10.0,5,5,472.6221735194602,15/03/2023,20:43:04,radial_basis
sweden,1933,1992,Male,100,15,10.0,5,6,472.40647148216885,15/03/2023,20:43:04,radial_basis
sweden,1933,1992,Male,100,15,10.0,5,7,475.34953309789375,15/03/2023,20:43:04,radial_basis
sweden,1933,1992,Male,100,15,10.0,5,8,500.60756023604523,15/03/2023,20:43:04,radial_basis
sweden,1933,1992,Male,100,15,10.0,5,9,507.9173408024556,15/03/2023,20:43:04,radial_basis
sweden,1933,1992,Male,100,15,10.0,5,10,517.2605454827428,15/03/2023,20:43:04,radial_basis
sweden,1934,1993,Male,100,5,10.0,5,1,449.4976348485348,15/03/2023,23:08:26,radial_basis
sweden,1934,1993,Male,100,5,10.0,5,2,440.7771356890986,15/03/2023,23:08:26,radial_basis
sweden,1934,1993,Male,100,5,10.0,5,3,453.3397971406399,15/03/2023,23:08:26,radial_basis
sweden,1934,1993,Male,100,5,10.0,5,4,458.8458763715683,15/03/2023,23:08:26,radial_basis
sweden,1934,1993,Male,100,5,10.0,5,5,466.34831559610654,15/03/2023,23:08:26,radial_basis
sweden,1934,1993,Male,100,5,10.0,5,6,466.2650302541606,15/03/2023,23:08:26,radial_basis
sweden,1934,1993,Male,100,5,10.0,5,7,481.6485273562274,15/03/2023,23:08:26,radial_basis
sweden,1934,1993,Male,100,5,10.0,5,8,484.21013987249256,15/03/2023,23:08:26,radial_basis
sweden,1934,1993,Male,100,5,10.0,5,9,486.5063760189994,15/03/2023,23:08:26,radial_basis
sweden,1934,1993,Male,100,5,10.0,5,10,487.4685797061425,15/03/2023,23:08:26,radial_basis
sweden,1935,1994,Male,100,5,10.0,3,1,414.80187896929687,15/03/2023,23:11:14,radial_basis
sweden,1935,1994,Male,100,5,10.0,3,2,422.9659742624281,15/03/2023,23:11:14,radial_basis
sweden,1935,1994,Male,100,5,10.0,3,3,432.0687896829336,15/03/2023,23:11:14,radial_basis
sweden,1935,1994,Male,100,5,10.0,3,4,432.3466764832875,15/03/2023,23:11:14,radial_basis
sweden,1935,1994,Male,100,5,10.0,3,5,435.0231504590144,15/03/2023,23:11:14,radial_basis
sweden,1935,1994,Male,100,5,10.0,3,6,452.5310729708326,15/03/2023,23:11:14,radial_basis
sweden,1935,1994,Male,100,5,10.0,3,7,463.45229441102794,15/03/2023,23:11:14,radial_basis
sweden,1935,1994,Male,100,5,10.0,3,8,472.48542661912506,15/03/2023,23:11:14,radial_basis
sweden,1935,1994,Male,100,5,10.0,3,9,465.19314556840493,15/03/2023,23:11:14,radial_basis
sweden,1935,1994,Male,100,5,10.0,3,10,488.17381529681614,15/03/2023,23:11:14,radial_basis
sweden,1935,1994,Male,100,5,10.0,4,1,425.21054865580686,15/03/2023,23:18:37,radial_basis
sweden,1935,1994,Male,100,5,10.0,4,2,435.25042413583446,15/03/2023,23:18:37,radial_basis
sweden,1935,1994,Male,100,5,10.0,4,3,443.18832180242106,15/03/2023,23:18:37,radial_basis
sweden,1935,1994,Male,100,5,10.0,4,4,439.5212174600732,15/03/2023,23:18:37,radial_basis
sweden,1935,1994,Male,100,5,10.0,4,5,444.3534766594595,15/03/2023,23:18:37,radial_basis
sweden,1935,1994,Male,100,5,10.0,4,6,465.0441233915955,15/03/2023,23:18:37,radial_basis
sweden,1935,1994,Male,100,5,10.0,4,7,479.95250418214164,15/03/2023,23:18:37,radial_basis
sweden,1935,1994,Male,100,5,10.0,4,8,480.38514991890344,15/03/2023,23:18:37,radial_basis
sweden,1935,1994,Male,100,5,10.0,4,9,477.7460073440241,15/03/2023,23:18:37,radial_basis
sweden,1935,1994,Male,100,5,10.0,4,10,503.7718197654252,15/03/2023,23:18:37,radial_basis
sweden,1935,1994,Male,100,10,10.0,3,1,414.44421015342584,15/03/2023,23:22:45,radial_basis
sweden,1935,1994,Male,100,10,10.0,3,2,429.52899778445993,15/03/2023,23:22:45,radial_basis
sweden,1935,1994,Male,100,10,10.0,3,3,435.238641351095,15/03/2023,23:22:45,radial_basis
sweden,1935,1994,Male,100,10,10.0,3,4,438.2740643476136,15/03/2023,23:22:45,radial_basis
sweden,1935,1994,Male,100,10,10.0,3,5,440.62121237606766,15/03/2023,23:22:45,radial_basis
sweden,1935,1994,Male,100,10,10.0,3,6,457.5047714437427,15/03/2023,23:22:45,radial_basis
sweden,1935,1994,Male,100,10,10.0,3,7,466.0378616059654,15/03/2023,23:22:45,radial_basis
sweden,1935,1994,Male,100,10,10.0,3,8,475.0435959505143,15/03/2023,23:22:45,radial_basis
sweden,1935,1994,Male,100,10,10.0,3,9,466.5145192241849,15/03/2023,23:22:45,radial_basis
sweden,1935,1994,Male,100,10,10.0,3,10,492.6470591938739,15/03/2023,23:22:45,radial_basis
sweden,1934,1993,Male,100,15,10.0,5,1,454.1338322800268,15/03/2023,23:36:40,radial_basis
sweden,1934,1993,Male,100,15,10.0,5,2,437.78077731529106,15/03/2023,23:36:40,radial_basis
sweden,1934,1993,Male,100,15,10.0,5,3,452.60228899237853,15/03/2023,23:36:40,radial_basis
sweden,1934,1993,Male,100,15,10.0,5,4,463.7084768074586,15/03/2023,23:36:40,radial_basis
sweden,1934,1993,Male,100,15,10.0,5,5,475.44740648134746,15/03/2023,23:36:40,radial_basis
sweden,1934,1993,Male,100,15,10.0,5,6,485.37847008078603,15/03/2023,23:36:40,radial_basis
sweden,1934,1993,Male,100,15,10.0,5,7,511.2519694009827,15/03/2023,23:36:40,radial_basis
sweden,1934,1993,Male,100,15,10.0,5,8,515.7867709651084,15/03/2023,23:36:40,radial_basis
sweden,1934,1993,Male,100,15,10.0,5,9,516.9265666300746,15/03/2023,23:36:40,radial_basis
sweden,1934,1993,Male,100,15,10.0,5,10,521.4310851586845,15/03/2023,23:36:40,radial_basis
sweden,1935,1994,Male,100,15,10.0,4,1,415.85169502046705,15/03/2023,23:43:41,radial_basis
sweden,1935,1994,Male,100,15,10.0,4,2,422.56165471706004,15/03/2023,23:43:41,radial_basis
sweden,1935,1994,Male,100,15,10.0,4,3,432.2487184555784,15/03/2023,23:43:41,radial_basis
sweden,1935,1994,Male,100,15,10.0,4,4,440.4162713482385,15/03/2023,23:43:41,radial_basis
sweden,1935,1994,Male,100,15,10.0,4,5,449.03447203385986,15/03/2023,23:43:41,radial_basis
sweden,1935,1994,Male,100,15,10.0,4,6,471.64670347250564,15/03/2023,23:43:41,radial_basis
sweden,1935,1994,Male,100,15,10.0,4,7,476.0686951070646,15/03/2023,23:43:41,radial_basis
sweden,1935,1994,Male,100,15,10.0,4,8,485.6400578378936,15/03/2023,23:43:41,radial_basis
sweden,1935,1994,Male,100,15,10.0,4,9,487.19684671349154,15/03/2023,23:43:41,radial_basis
sweden,1935,1994,Male,100,15,10.0,4,10,514.8144920763181,15/03/2023,23:43:41,radial_basis
sweden,1935,1994,Male,100,10,10.0,4,1,419.10477939315587,15/03/2023,23:44:18,radial_basis
sweden,1935,1994,Male,100,10,10.0,4,2,434.6357933795001,15/03/2023,23:44:18,radial_basis
sweden,1935,1994,Male,100,10,10.0,4,3,442.15068727475244,15/03/2023,23:44:18,radial_basis
sweden,1935,1994,Male,100,10,10.0,4,4,446.13365126710335,15/03/2023,23:44:18,radial_basis
sweden,1935,1994,Male,100,10,10.0,4,5,447.90566655628356,15/03/2023,23:44:18,radial_basis
sweden,1935,1994,Male,100,10,10.0,4,6,473.24928921278723,15/03/2023,23:44:18,radial_basis
sweden,1935,1994,Male,100,10,10.0,4,7,475.0169337960686,15/03/2023,23:44:18,radial_basis
sweden,1935,1994,Male,100,10,10.0,4,8,485.3370808271879,15/03/2023,23:44:18,radial_basis
sweden,1935,1994,Male,100,10,10.0,4,9,479.2687252846435,15/03/2023,23:44:18,radial_basis
sweden,1935,1994,Male,100,10,10.0,4,10,503.63644079489256,15/03/2023,23:44:18,radial_basis
sweden,1935,1994,Male,100,5,10.0,5,1,421.0722002751219,15/03/2023,23:47:06,radial_basis
sweden,1935,1994,Male,100,5,10.0,5,2,432.8147898540563,15/03/2023,23:47:06,radial_basis
sweden,1935,1994,Male,100,5,10.0,5,3,442.39143827593915,15/03/2023,23:47:06,radial_basis
sweden,1935,1994,Male,100,5,10.0,5,4,452.84538183873167,15/03/2023,23:47:06,radial_basis
sweden,1935,1994,Male,100,5,10.0,5,5,457.2160670028027,15/03/2023,23:47:06,radial_basis
sweden,1935,1994,Male,100,5,10.0,5,6,472.1369285594184,15/03/2023,23:47:06,radial_basis
sweden,1935,1994,Male,100,5,10.0,5,7,476.7148921779168,15/03/2023,23:47:06,radial_basis
sweden,1935,1994,Male,100,5,10.0,5,8,482.9460639080889,15/03/2023,23:47:06,radial_basis
sweden,1935,1994,Male,100,5,10.0,5,9,483.6911636921203,15/03/2023,23:47:06,radial_basis
sweden,1935,1994,Male,100,5,10.0,5,10,499.328110927454,15/03/2023,23:47:06,radial_basis
sweden,1935,1994,Male,100,15,10.0,3,1,421.63792177635224,15/03/2023,23:49:17,radial_basis
sweden,1935,1994,Male,100,15,10.0,3,2,418.47828227388516,15/03/2023,23:49:17,radial_basis
sweden,1935,1994,Male,100,15,10.0,3,3,423.3848365645656,15/03/2023,23:49:17,radial_basis
sweden,1935,1994,Male,100,15,10.0,3,4,431.8189161280893,15/03/2023,23:49:17,radial_basis
sweden,1935,1994,Male,100,15,10.0,3,5,431.63299724826044,15/03/2023,23:49:17,radial_basis
sweden,1935,1994,Male,100,15,10.0,3,6,450.86574406402474,15/03/2023,23:49:17,radial_basis
sweden,1935,1994,Male,100,15,10.0,3,7,452.6070760304785,15/03/2023,23:49:17,radial_basis
sweden,1935,1994,Male,100,15,10.0,3,8,463.4322710233234,15/03/2023,23:49:17,radial_basis
sweden,1935,1994,Male,100,15,10.0,3,9,451.73971607122945,15/03/2023,23:49:17,radial_basis
sweden,1935,1994,Male,100,15,10.0,3,10,470.6937642339063,15/03/2023,23:49:17,radial_basis
sweden,1936,1995,Male,100,5,10.0,3,1,446.25214793415,16/03/2023,01:46:31,radial_basis
sweden,1936,1995,Male,100,5,10.0,3,2,444.04951969945887,16/03/2023,01:46:31,radial_basis
sweden,1936,1995,Male,100,5,10.0,3,3,465.2989211361806,16/03/2023,01:46:31,radial_basis
sweden,1936,1995,Male,100,5,10.0,3,4,463.07538896732746,16/03/2023,01:46:31,radial_basis
sweden,1936,1995,Male,100,5,10.0,3,5,478.5398029048135,16/03/2023,01:46:31,radial_basis
sweden,1936,1995,Male,100,5,10.0,3,6,476.5209979315127,16/03/2023,01:46:31,radial_basis
sweden,1936,1995,Male,100,5,10.0,3,7,485.91708379307187,16/03/2023,01:46:31,radial_basis
sweden,1936,1995,Male,100,5,10.0,3,8,485.50604710872665,16/03/2023,01:46:31,radial_basis
sweden,1936,1995,Male,100,5,10.0,3,9,509.161141981844,16/03/2023,01:46:31,radial_basis
sweden,1936,1995,Male,100,5,10.0,3,10,510.97881932735,16/03/2023,01:46:31,radial_basis
sweden,1934,1993,Male,100,10,10.0,5,1,443.1631448828592,16/03/2023,01:50:33,radial_basis
sweden,1934,1993,Male,100,10,10.0,5,2,429.1505188003607,16/03/2023,01:50:33,radial_basis
sweden,1934,1993,Male,100,10,10.0,5,3,441.146727488804,16/03/2023,01:50:33,radial_basis
sweden,1934,1993,Male,100,10,10.0,5,4,449.8662740478777,16/03/2023,01:50:33,radial_basis
sweden,1934,1993,Male,100,10,10.0,5,5,461.2843654050064,16/03/2023,01:50:33,radial_basis
sweden,1934,1993,Male,100,10,10.0,5,6,470.48100096944194,16/03/2023,01:50:33,radial_basis
sweden,1934,1993,Male,100,10,10.0,5,7,499.8157947520423,16/03/2023,01:50:33,radial_basis
sweden,1934,1993,Male,100,10,10.0,5,8,508.8773954760663,16/03/2023,01:50:33,radial_basis
sweden,1934,1993,Male,100,10,10.0,5,9,509.88678406870434,16/03/2023,01:50:33,radial_basis
sweden,1934,1993,Male,100,10,10.0,5,10,510.8297548657998,16/03/2023,01:50:33,radial_basis
sweden,1936,1995,Male,100,10,10.0,3,1,414.13766516431133,16/03/2023,02:06:54,radial_basis
sweden,1936,1995,Male,100,10,10.0,3,2,418.3186570235603,16/03/2023,02:06:54,radial_basis
sweden,1936,1995,Male,100,10,10.0,3,3,423.9207470264667,16/03/2023,02:06:54,radial_basis
sweden,1936,1995,Male,100,10,10.0,3,4,424.11595637132194,16/03/2023,02:06:54,radial_basis
sweden,1936,1995,Male,100,10,10.0,3,5,447.11654480934925,16/03/2023,02:06:54,radial_basis
sweden,1936,1995,Male,100,10,10.0,3,6,453.75607538270367,16/03/2023,02:06:54,radial_basis
sweden,1936,1995,Male,100,10,10.0,3,7,464.34747062352614,16/03/2023,02:06:54,radial_basis
sweden,1936,1995,Male,100,10,10.0,3,8,455.6794556265207,16/03/2023,02:06:54,radial_basis
sweden,1936,1995,Male,100,10,10.0,3,9,479.7255276267541,16/03/2023,02:06:54,radial_basis
sweden,1936,1995,Male,100,10,10.0,3,10,479.45843436845774,16/03/2023,02:06:54,radial_basis
sweden,1935,1994,Male,100,10,10.0,5,1,412.91057643031536,16/03/2023,02:15:46,radial_basis
sweden,1935,1994,Male,100,10,10.0,5,2,426.281024230147,16/03/2023,02:15:46,radial_basis
sweden,1935,1994,Male,100,10,10.0,5,3,437.06681464668924,16/03/2023,02:15:46,radial_basis
sweden,1935,1994,Male,100,10,10.0,5,4,445.16699272359483,16/03/2023,02:15:46,radial_basis
sweden,1935,1994,Male,100,10,10.0,5,5,449.93396571647514,16/03/2023,02:15:46,radial_basis
sweden,1935,1994,Male,100,10,10.0,5,6,475.5530642543958,16/03/2023,02:15:46,radial_basis
sweden,1935,1994,Male,100,10,10.0,5,7,479.41503845157644,16/03/2023,02:15:46,radial_basis
sweden,1935,1994,Male,100,10,10.0,5,8,490.6650926227533,16/03/2023,02:15:46,radial_basis
sweden,1935,1994,Male,100,10,10.0,5,9,489.1199106562432,16/03/2023,02:15:46,radial_basis
sweden,1935,1994,Male,100,10,10.0,5,10,516.9094904743276,16/03/2023,02:15:46,radial_basis
sweden,1935,1994,Male,100,15,10.0,5,1,409.85425611060333,16/03/2023,02:27:42,radial_basis
sweden,1935,1994,Male,100,15,10.0,5,2,418.39974905340995,16/03/2023,02:27:42,radial_basis
sweden,1935,1994,Male,100,15,10.0,5,3,431.5817984075847,16/03/2023,02:27:42,radial_basis
sweden,1935,1994,Male,100,15,10.0,5,4,443.49914367459223,16/03/2023,02:27:42,radial_basis
sweden,1935,1994,Male,100,15,10.0,5,5,441.7922728601734,16/03/2023,02:27:42,radial_basis
sweden,1935,1994,Male,100,15,10.0,5,6,463.34989255895636,16/03/2023,02:27:42,radial_basis
sweden,1935,1994,Male,100,15,10.0,5,7,462.01981556567347,16/03/2023,02:27:42,radial_basis
sweden,1935,1994,Male,100,15,10.0,5,8,472.33720687107376,16/03/2023,02:27:42,radial_basis
sweden,1935,1994,Male,100,15,10.0,5,9,468.68337276906516,16/03/2023,02:27:42,radial_basis
sweden,1935,1994,Male,100,15,10.0,5,10,487.10759920181886,16/03/2023,02:27:42,radial_basis
sweden,1936,1995,Male,100,15,10.0,3,1,415.13373822419106,16/03/2023,04:02:12,radial_basis
sweden,1936,1995,Male,100,15,10.0,3,2,425.6081674625589,16/03/2023,04:02:12,radial_basis
sweden,1936,1995,Male,100,15,10.0,3,3,425.40618178216056,16/03/2023,04:02:12,radial_basis
sweden,1936,1995,Male,100,15,10.0,3,4,432.85204008886376,16/03/2023,04:02:12,radial_basis
sweden,1936,1995,Male,100,15,10.0,3,5,455.055512901682,16/03/2023,04:02:12,radial_basis
sweden,1936,1995,Male,100,15,10.0,3,6,460.7148860301765,16/03/2023,04:02:12,radial_basis
sweden,1936,1995,Male,100,15,10.0,3,7,471.77389171243647,16/03/2023,04:02:12,radial_basis
sweden,1936,1995,Male,100,15,10.0,3,8,458.0218589830464,16/03/2023,04:02:12,radial_basis
sweden,1936,1995,Male,100,15,10.0,3,9,478.4226464972854,16/03/2023,04:02:12,radial_basis
sweden,1936,1995,Male,100,15,10.0,3,10,483.0603175750688,16/03/2023,04:02:12,radial_basis
sweden,1936,1995,Male,100,5,10.0,4,1,428.04893597702426,16/03/2023,04:17:11,radial_basis
sweden,1936,1995,Male,100,5,10.0,4,2,437.50347640862145,16/03/2023,04:17:11,radial_basis
sweden,1936,1995,Male,100,5,10.0,4,3,443.5547676244312,16/03/2023,04:17:11,radial_basis
sweden,1936,1995,Male,100,5,10.0,4,4,442.8450295893195,16/03/2023,04:17:11,radial_basis
sweden,1936,1995,Male,100,5,10.0,4,5,467.7859854290347,16/03/2023,04:17:11,radial_basis
sweden,1936,1995,Male,100,5,10.0,4,6,469.71500947085315,16/03/2023,04:17:11,radial_basis
sweden,1936,1995,Male,100,5,10.0,4,7,472.6207294447719,16/03/2023,04:17:11,radial_basis
sweden,1936,1995,Male,100,5,10.0,4,8,474.09614875280045,16/03/2023,04:17:11,radial_basis
sweden,1936,1995,Male,100,5,10.0,4,9,499.5424293616233,16/03/2023,04:17:11,radial_basis
sweden,1936,1995,Male,100,5,10.0,4,10,495.68825023864616,16/03/2023,04:17:11,radial_basis
sweden,1936,1995,Male,100,10,10.0,4,1,403.0266883348156,16/03/2023,04:27:11,radial_basis
sweden,1936,1995,Male,100,10,10.0,4,2,412.03563299173754,16/03/2023,04:27:11,radial_basis
sweden,1936,1995,Male,100,10,10.0,4,3,418.351427442331,16/03/2023,04:27:11,radial_basis
sweden,1936,1995,Male,100,10,10.0,4,4,420.23719280917595,16/03/2023,04:27:11,radial_basis
sweden,1936,1995,Male,100,10,10.0,4,5,443.1775340446256,16/03/2023,04:27:11,radial_basis
sweden,1936,1995,Male,100,10,10.0,4,6,447.03150873694653,16/03/2023,04:27:11,radial_basis
sweden,1936,1995,Male,100,10,10.0,4,7,456.4800035341194,16/03/2023,04:27:11,radial_basis
sweden,1936,1995,Male,100,10,10.0,4,8,444.4529600895008,16/03/2023,04:27:11,radial_basis
sweden,1936,1995,Male,100,10,10.0,4,9,466.68431242551765,16/03/2023,04:27:11,radial_basis
sweden,1936,1995,Male,100,10,10.0,4,10,469.8314758951642,16/03/2023,04:27:11,radial_basis
sweden,1936,1995,Male,100,5,10.0,5,1,440.7017363809823,16/03/2023,04:38:44,radial_basis
sweden,1936,1995,Male,100,5,10.0,5,2,449.23040508076406,16/03/2023,04:38:44,radial_basis
sweden,1936,1995,Male,100,5,10.0,5,3,468.38951269577615,16/03/2023,04:38:44,radial_basis
sweden,1936,1995,Male,100,5,10.0,5,4,468.5271308349052,16/03/2023,04:38:44,radial_basis
sweden,1936,1995,Male,100,5,10.0,5,5,500.22097118799564,16/03/2023,04:38:44,radial_basis
sweden,1936,1995,Male,100,5,10.0,5,6,495.39242870198734,16/03/2023,04:38:44,radial_basis
sweden,1936,1995,Male,100,5,10.0,5,7,498.7173192787127,16/03/2023,04:38:44,radial_basis
sweden,1936,1995,Male,100,5,10.0,5,8,501.9989952536398,16/03/2023,04:38:44,radial_basis
sweden,1936,1995,Male,100,5,10.0,5,9,539.3887322564436,16/03/2023,04:38:44,radial_basis
sweden,1936,1995,Male,100,5,10.0,5,10,528.2554467682246,16/03/2023,04:38:44,radial_basis
sweden,1936,1995,Male,100,15,10.0,4,1,407.83758662138564,16/03/2023,04:45:33,radial_basis
sweden,1936,1995,Male,100,15,10.0,4,2,426.2062110597152,16/03/2023,04:45:33,radial_basis
sweden,1936,1995,Male,100,15,10.0,4,3,434.1749010373722,16/03/2023,04:45:33,radial_basis
sweden,1936,1995,Male,100,15,10.0,4,4,433.8819368460787,16/03/2023,04:45:33,radial_basis
sweden,1936,1995,Male,100,15,10.0,4,5,463.11006165803883,16/03/2023,04:45:33,radial_basis
sweden,1936,1995,Male,100,15,10.0,4,6,466.3861836506178,16/03/2023,04:45:33,radial_basis
sweden,1936,1995,Male,100,15,10.0,4,7,472.8651056629657,16/03/2023,04:45:33,radial_basis
sweden,1936,1995,Male,100,15,10.0,4,8,472.79925466818634,16/03/2023,04:45:33,radial_basis
sweden,1936,1995,Male,100,15,10.0,4,9,498.83767672337177,16/03/2023,04:45:33,radial_basis
sweden,1936,1995,Male,100,15,10.0,4,10,501.0819253845126,16/03/2023,04:45:33,radial_basis
sweden,1937,1996,Male,100,5,10.0,3,1,434.7839209130175,16/03/2023,04:52:42,radial_basis
sweden,1937,1996,Male,100,5,10.0,3,2,438.467412161988,16/03/2023,04:52:42,radial_basis
sweden,1937,1996,Male,100,5,10.0,3,3,437.07853110923816,16/03/2023,04:52:42,radial_basis
sweden,1937,1996,Male,100,5,10.0,3,4,462.94731588674955,16/03/2023,04:52:42,radial_basis
sweden,1937,1996,Male,100,5,10.0,3,5,472.5944107034764,16/03/2023,04:52:42,radial_basis
sweden,1937,1996,Male,100,5,10.0,3,6,481.78991183492616,16/03/2023,04:52:42,radial_basis
sweden,1937,1996,Male,100,5,10.0,3,7,471.1850136743517,16/03/2023,04:52:42,radial_basis
sweden,1937,1996,Male,100,5,10.0,3,8,499.5166708113348,16/03/2023,04:52:42,radial_basis
sweden,1937,1996,Male,100,5,10.0,3,9,500.9613419521449,16/03/2023,04:52:42,radial_basis
sweden,1937,1996,Male,100,5,10.0,3,10,503.41909791319677,16/03/2023,04:52:42,radial_basis
sweden,1936,1995,Male,100,10,10.0,5,1,407.3230778730729,16/03/2023,04:57:22,radial_basis
sweden,1936,1995,Male,100,10,10.0,5,2,429.4807401688837,16/03/2023,04:57:22,radial_basis
sweden,1936,1995,Male,100,10,10.0,5,3,437.8242654459183,16/03/2023,04:57:22,radial_basis
sweden,1936,1995,Male,100,10,10.0,5,4,438.22396085602253,16/03/2023,04:57:22,radial_basis
sweden,1936,1995,Male,100,10,10.0,5,5,465.0278023754056,16/03/2023,04:57:22,radial_basis
sweden,1936,1995,Male,100,10,10.0,5,6,470.0417934550046,16/03/2023,04:57:22,radial_basis
sweden,1936,1995,Male,100,10,10.0,5,7,478.32792377114424,16/03/2023,04:57:22,radial_basis
sweden,1936,1995,Male,100,10,10.0,5,8,476.5452701236233,16/03/2023,04:57:22,radial_basis
sweden,1936,1995,Male,100,10,10.0,5,9,502.00630364208286,16/03/2023,04:57:22,radial_basis
sweden,1936,1995,Male,100,10,10.0,5,10,504.5584205623151,16/03/2023,04:57:22,radial_basis
sweden,1937,1996,Male,100,10,10.0,3,1,414.31176556714985,16/03/2023,04:57:49,radial_basis
sweden,1937,1996,Male,100,10,10.0,3,2,412.86425309729316,16/03/2023,04:57:49,radial_basis
sweden,1937,1996,Male,100,10,10.0,3,3,411.5068589992814,16/03/2023,04:57:49,radial_basis
sweden,1937,1996,Male,100,10,10.0,3,4,440.40697081932296,16/03/2023,04:57:49,radial_basis
sweden,1937,1996,Male,100,10,10.0,3,5,447.2725256005585,16/03/2023,04:57:49,radial_basis
sweden,1937,1996,Male,100,10,10.0,3,6,457.573543317908,16/03/2023,04:57:49,radial_basis
sweden,1937,1996,Male,100,10,10.0,3,7,442.6551382369447,16/03/2023,04:57:49,radial_basis
sweden,1937,1996,Male,100,10,10.0,3,8,472.1628984840423,16/03/2023,04:57:49,radial_basis
sweden,1937,1996,Male,100,10,10.0,3,9,474.4435016765437,16/03/2023,04:57:49,radial_basis
sweden,1937,1996,Male,100,10,10.0,3,10,473.47993068035606,16/03/2023,04:57:49,radial_basis
sweden,1936,1995,Male,100,15,10.0,5,1,409.50337355109104,16/03/2023,05:22:32,radial_basis
sweden,1936,1995,Male,100,15,10.0,5,2,420.4471817539206,16/03/2023,05:22:32,radial_basis
sweden,1936,1995,Male,100,15,10.0,5,3,427.99447753084297,16/03/2023,05:22:32,radial_basis
sweden,1936,1995,Male,100,15,10.0,5,4,432.21721180613207,16/03/2023,05:22:32,radial_basis
sweden,1936,1995,Male,100,15,10.0,5,5,455.92741456747063,16/03/2023,05:22:32,radial_basis
sweden,1936,1995,Male,100,15,10.0,5,6,460.1059786861839,16/03/2023,05:22:32,radial_basis
sweden,1936,1995,Male,100,15,10.0,5,7,466.78278861173203,16/03/2023,05:22:32,radial_basis
sweden,1936,1995,Male,100,15,10.0,5,8,464.147947522033,16/03/2023,05:22:32,radial_basis
sweden,1936,1995,Male,100,15,10.0,5,9,483.902535743419,16/03/2023,05:22:32,radial_basis
sweden,1936,1995,Male,100,15,10.0,5,10,488.2902402441461,16/03/2023,05:22:32,radial_basis
sweden,1937,1996,Male,100,15,10.0,3,1,413.23467135437926,16/03/2023,05:23:02,radial_basis
sweden,1937,1996,Male,100,15,10.0,3,2,413.1859523924967,16/03/2023,05:23:02,radial_basis
sweden,1937,1996,Male,100,15,10.0,3,3,420.9191453301118,16/03/2023,05:23:02,radial_basis
sweden,1937,1996,Male,100,15,10.0,3,4,445.66051782793227,16/03/2023,05:23:02,radial_basis
sweden,1937,1996,Male,100,15,10.0,3,5,453.3735289463343,16/03/2023,05:23:02,radial_basis
sweden,1937,1996,Male,100,15,10.0,3,6,462.00693391508764,16/03/2023,05:23:02,radial_basis
sweden,1937,1996,Male,100,15,10.0,3,7,453.83354935092365,16/03/2023,05:23:02,radial_basis
sweden,1937,1996,Male,100,15,10.0,3,8,480.6719259128217,16/03/2023,05:23:02,radial_basis
sweden,1937,1996,Male,100,15,10.0,3,9,480.0814299045728,16/03/2023,05:23:02,radial_basis
sweden,1937,1996,Male,100,15,10.0,3,10,483.6389470506695,16/03/2023,05:23:02,radial_basis
sweden,1937,1996,Male,100,5,10.0,4,1,417.2938873582501,16/03/2023,06:52:01,radial_basis
sweden,1937,1996,Male,100,5,10.0,4,2,427.5276927947404,16/03/2023,06:52:01,radial_basis
sweden,1937,1996,Male,100,5,10.0,4,3,428.03120538841375,16/03/2023,06:52:01,radial_basis
sweden,1937,1996,Male,100,5,10.0,4,4,447.90973177175033,16/03/2023,06:52:01,radial_basis
sweden,1937,1996,Male,100,5,10.0,4,5,451.1710077533371,16/03/2023,06:52:01,radial_basis
sweden,1937,1996,Male,100,5,10.0,4,6,459.352465081913,16/03/2023,06:52:01,radial_basis
sweden,1937,1996,Male,100,5,10.0,4,7,446.52416884775835,16/03/2023,06:52:01,radial_basis
sweden,1937,1996,Male,100,5,10.0,4,8,471.4018292829975,16/03/2023,06:52:01,radial_basis
sweden,1937,1996,Male,100,5,10.0,4,9,478.1566754246436,16/03/2023,06:52:01,radial_basis
sweden,1937,1996,Male,100,5,10.0,4,10,477.64875029875407,16/03/2023,06:52:01,radial_basis
sweden,1937,1996,Male,100,10,10.0,4,1,420.418781078879,16/03/2023,07:17:16,radial_basis
sweden,1937,1996,Male,100,10,10.0,4,2,425.74432989176313,16/03/2023,07:17:16,radial_basis
sweden,1937,1996,Male,100,10,10.0,4,3,429.8421471624178,16/03/2023,07:17:16,radial_basis
sweden,1937,1996,Male,100,10,10.0,4,4,449.6283799492126,16/03/2023,07:17:16,radial_basis
sweden,1937,1996,Male,100,10,10.0,4,5,457.43837768040913,16/03/2023,07:17:16,radial_basis
sweden,1937,1996,Male,100,10,10.0,4,6,464.39422151618794,16/03/2023,07:17:16,radial_basis
sweden,1937,1996,Male,100,10,10.0,4,7,454.32259977717365,16/03/2023,07:17:16,radial_basis
sweden,1937,1996,Male,100,10,10.0,4,8,474.46644927354845,16/03/2023,07:17:16,radial_basis
sweden,1937,1996,Male,100,10,10.0,4,9,481.29269214108916,16/03/2023,07:17:16,radial_basis
sweden,1937,1996,Male,100,10,10.0,4,10,480.0908633689105,16/03/2023,07:17:16,radial_basis
sweden,1937,1996,Male,100,5,10.0,5,1,422.8162889014621,16/03/2023,07:23:18,radial_basis
sweden,1937,1996,Male,100,5,10.0,5,2,427.6923209252257,16/03/2023,07:23:18,radial_basis
sweden,1937,1996,Male,100,5,10.0,5,3,430.9935269887912,16/03/2023,07:23:18,radial_basis
sweden,1937,1996,Male,100,5,10.0,5,4,460.8238262106741,16/03/2023,07:23:18,radial_basis
sweden,1937,1996,Male,100,5,10.0,5,5,463.4755964476528,16/03/2023,07:23:18,radial_basis
sweden,1937,1996,Male,100,5,10.0,5,6,471.59470817020707,16/03/2023,07:23:18,radial_basis
sweden,1937,1996,Male,100,5,10.0,5,7,470.34932014608336,16/03/2023,07:23:18,radial_basis
sweden,1937,1996,Male,100,5,10.0,5,8,505.1033526749312,16/03/2023,07:23:18,radial_basis
sweden,1937,1996,Male,100,5,10.0,5,9,500.81320462877306,16/03/2023,07:23:18,radial_basis
sweden,1937,1996,Male,100,5,10.0,5,10,509.5274945454917,16/03/2023,07:23:18,radial_basis
sweden,1938,1997,Male,100,5,10.0,3,1,457.343926580155,16/03/2023,09:16:14,radial_basis
sweden,1938,1997,Male,100,5,10.0,3,2,452.611167589855,16/03/2023,09:16:14,radial_basis
sweden,1938,1997,Male,100,5,10.0,3,3,474.95084497062703,16/03/2023,09:16:14,radial_basis
sweden,1938,1997,Male,100,5,10.0,3,4,475.98177945740923,16/03/2023,09:16:14,radial_basis
sweden,1938,1997,Male,100,5,10.0,3,5,486.6993138891893,16/03/2023,09:16:14,radial_basis
sweden,1938,1997,Male,100,5,10.0,3,6,480.3142195681591,16/03/2023,09:16:14,radial_basis
sweden,1938,1997,Male,100,5,10.0,3,7,500.4628738851135,16/03/2023,09:16:14,radial_basis
sweden,1938,1997,Male,100,5,10.0,3,8,507.8419565198863,16/03/2023,09:16:14,radial_basis
sweden,1938,1997,Male,100,5,10.0,3,9,510.429392820082,16/03/2023,09:16:14,radial_basis
sweden,1938,1997,Male,100,5,10.0,3,10,513.702743364444,16/03/2023,09:16:14,radial_basis
sweden,1937,1996,Male,100,15,10.0,4,1,415.3264376244806,16/03/2023,09:37:20,radial_basis
sweden,1937,1996,Male,100,15,10.0,4,2,419.4548524256927,16/03/2023,09:37:20,radial_basis
sweden,1937,1996,Male,100,15,10.0,4,3,421.8877857477885,16/03/2023,09:37:20,radial_basis
sweden,1937,1996,Male,100,15,10.0,4,4,443.62148930157707,16/03/2023,09:37:20,radial_basis
sweden,1937,1996,Male,100,15,10.0,4,5,447.5380748939759,16/03/2023,09:37:20,radial_basis
sweden,1937,1996,Male,100,15,10.0,4,6,455.8980103377745,16/03/2023,09:37:20,radial_basis
sweden,1937,1996,Male,100,15,10.0,4,7,447.7371563513151,16/03/2023,09:37:20,radial_basis
sweden,1937,1996,Male,100,15,10.0,4,8,469.91117303828855,16/03/2023,09:37:20,radial_basis
sweden,1937,1996,Male,100,15,10.0,4,9,472.60819124756654,16/03/2023,09:37:20,radial_basis
sweden,1937,1996,Male,100,15,10.0,4,10,471.1488264246242,16/03/2023,09:37:20,radial_basis
sweden,1938,1997,Male,100,10,10.0,3,1,420.95934193307943,16/03/2023,09:43:56,radial_basis
sweden,1938,1997,Male,100,10,10.0,3,2,421.1160351875836,16/03/2023,09:43:56,radial_basis
sweden,1938,1997,Male,100,10,10.0,3,3,446.42707513826764,16/03/2023,09:43:56,radial_basis
sweden,1938,1997,Male,100,10,10.0,3,4,451.7505017309137,16/03/2023,09:43:56,radial_basis
sweden,1938,1997,Male,100,10,10.0,3,5,462.39099287772564,16/03/2023,09:43:56,radial_basis
sweden,1938,1997,Male,100,10,10.0,3,6,451.6929529393564,16/03/2023,09:43:56,radial_basis
sweden,1938,1997,Male,100,10,10.0,3,7,477.3392537387011,16/03/2023,09:43:56,radial_basis
sweden,1938,1997,Male,100,10,10.0,3,8,481.92032257265356,16/03/2023,09:43:56,radial_basis
sweden,1938,1997,Male,100,10,10.0,3,9,482.345016610176,16/03/2023,09:43:56,radial_basis
sweden,1938,1997,Male,100,10,10.0,3,10,489.70674681168214,16/03/2023,09:43:56,radial_basis
sweden,1938,1997,Male,100,5,10.0,4,1,429.45855184840457,16/03/2023,09:51:51,radial_basis
sweden,1938,1997,Male,100,5,10.0,4,2,421.559126684164,16/03/2023,09:51:51,radial_basis
sweden,1938,1997,Male,100,5,10.0,4,3,450.9238119293161,16/03/2023,09:51:51,radial_basis
sweden,1938,1997,Male,100,5,10.0,4,4,446.35388701282295,16/03/2023,09:51:51,radial_basis
sweden,1938,1997,Male,100,5,10.0,4,5,457.12564656019106,16/03/2023,09:51:51,radial_basis
sweden,1938,1997,Male,100,5,10.0,4,6,448.27921833848006,16/03/2023,09:51:51,radial_basis
sweden,1938,1997,Male,100,5,10.0,4,7,473.6455829487307,16/03/2023,09:51:51,radial_basis
sweden,1938,1997,Male,100,5,10.0,4,8,473.5741620580592,16/03/2023,09:51:51,radial_basis
sweden,1938,1997,Male,100,5,10.0,4,9,477.3493327460809,16/03/2023,09:51:51,radial_basis
sweden,1938,1997,Male,100,5,10.0,4,10,483.7598193062469,16/03/2023,09:51:51,radial_basis
sweden,1937,1996,Male,100,10,10.0,5,1,413.6659138208914,16/03/2023,09:55:24,radial_basis
sweden,1937,1996,Male,100,10,10.0,5,2,418.4090694704852,16/03/2023,09:55:24,radial_basis
sweden,1937,1996,Male,100,10,10.0,5,3,426.08537414022584,16/03/2023,09:55:24,radial_basis
sweden,1937,1996,Male,100,10,10.0,5,4,451.04108007430824,16/03/2023,09:55:24,radial_basis
sweden,1937,1996,Male,100,10,10.0,5,5,458.81237657699086,16/03/2023,09:55:24,radial_basis
sweden,1937,1996,Male,100,10,10.0,5,6,461.84910244169726,16/03/2023,09:55:24,radial_basis
sweden,1937,1996,Male,100,10,10.0,5,7,462.89336834295705,16/03/2023,09:55:24,radial_basis
sweden,1937,1996,Male,100,10,10.0,5,8,481.79572944940156,16/03/2023,09:55:24,radial_basis
sweden,1937,1996,Male,100,10,10.0,5,9,487.005639350841,16/03/2023,09:55:24,radial_basis
sweden,1937,1996,Male,100,10,10.0,5,10,492.6734520996886,16/03/2023,09:55:24,radial_basis
sweden,1938,1997,Male,100,5,10.0,5,1,432.28979413230996,16/03/2023,10:01:54,radial_basis
sweden,1938,1997,Male,100,5,10.0,5,2,431.81151263768356,16/03/2023,10:01:54,radial_basis
sweden,1938,1997,Male,100,5,10.0,5,3,467.5758217423213,16/03/2023,10:01:54,radial_basis
sweden,1938,1997,Male,100,5,10.0,5,4,470.2516255718872,16/03/2023,10:01:54,radial_basis
sweden,1938,1997,Male,100,5,10.0,5,5,472.8439031453204,16/03/2023,10:01:54,radial_basis
sweden,1938,1997,Male,100,5,10.0,5,6,465.9524904079908,16/03/2023,10:01:54,radial_basis
sweden,1938,1997,Male,100,5,10.0,5,7,505.938270781019,16/03/2023,10:01:54,radial_basis
sweden,1938,1997,Male,100,5,10.0,5,8,493.24543156758943,16/03/2023,10:01:54,radial_basis
sweden,1938,1997,Male,100,5,10.0,5,9,502.27353722705993,16/03/2023,10:01:54,radial_basis
sweden,1938,1997,Male,100,5,10.0,5,10,514.6317948430658,16/03/2023,10:01:54,radial_basis
sweden,1938,1997,Male,100,10,10.0,4,1,419.45145622423087,16/03/2023,10:06:57,radial_basis
sweden,1938,1997,Male,100,10,10.0,4,2,418.9197472702717,16/03/2023,10:06:57,radial_basis
sweden,1938,1997,Male,100,10,10.0,4,3,444.13471763335895,16/03/2023,10:06:57,radial_basis
sweden,1938,1997,Male,100,10,10.0,4,4,447.91395756093567,16/03/2023,10:06:57,radial_basis
sweden,1938,1997,Male,100,10,10.0,4,5,458.4105281881472,16/03/2023,10:06:57,radial_basis
sweden,1938,1997,Male,100,10,10.0,4,6,452.83192644373725,16/03/2023,10:06:57,radial_basis
sweden,1938,1997,Male,100,10,10.0,4,7,472.1796970434343,16/03/2023,10:06:57,radial_basis
sweden,1938,1997,Male,100,10,10.0,4,8,477.7175306438256,16/03/2023,10:06:57,radial_basis
sweden,1938,1997,Male,100,10,10.0,4,9,480.23234580560256,16/03/2023,10:06:57,radial_basis
sweden,1938,1997,Male,100,10,10.0,4,10,485.9563775994797,16/03/2023,10:06:57,radial_basis
sweden,1938,1997,Male,100,15,10.0,4,1,415.08907675891686,16/03/2023,10:18:05,radial_basis
sweden,1938,1997,Male,100,15,10.0,4,2,423.5741920537316,16/03/2023,10:18:05,radial_basis
sweden,1938,1997,Male,100,15,10.0,4,3,446.98979716153957,16/03/2023,10:18:05,radial_basis
sweden,1938,1997,Male,100,15,10.0,4,4,453.68574845781365,16/03/2023,10:18:05,radial_basis
sweden,1938,1997,Male,100,15,10.0,4,5,457.31999466632254,16/03/2023,10:18:05,radial_basis
sweden,1938,1997,Male,100,15,10.0,4,6,455.3278048086929,16/03/2023,10:18:05,radial_basis
sweden,1938,1997,Male,100,15,10.0,4,7,477.01239818977444,16/03/2023,10:18:05,radial_basis
sweden,1938,1997,Male,100,15,10.0,4,8,479.9768800741342,16/03/2023,10:18:05,radial_basis
sweden,1938,1997,Male,100,15,10.0,4,9,480.4284422806107,16/03/2023,10:18:05,radial_basis
sweden,1938,1997,Male,100,15,10.0,4,10,494.05904138390196,16/03/2023,10:18:05,radial_basis
sweden,1938,1997,Male,100,10,10.0,5,1,425.7746051860752,16/03/2023,10:41:12,radial_basis
sweden,1938,1997,Male,100,10,10.0,5,2,421.8033057311439,16/03/2023,10:41:12,radial_basis
sweden,1938,1997,Male,100,10,10.0,5,3,450.69512399790267,16/03/2023,10:41:12,radial_basis
sweden,1938,1997,Male,100,10,10.0,5,4,450.1452286303203,16/03/2023,10:41:12,radial_basis
sweden,1938,1997,Male,100,10,10.0,5,5,455.03794289041673,16/03/2023,10:41:12,radial_basis
sweden,1938,1997,Male,100,10,10.0,5,6,452.69063643448993,16/03/2023,10:41:12,radial_basis
sweden,1938,1997,Male,100,10,10.0,5,7,478.69364155720916,16/03/2023,10:41:12,radial_basis
sweden,1938,1997,Male,100,10,10.0,5,8,476.37856788491507,16/03/2023,10:41:12,radial_basis
sweden,1938,1997,Male,100,10,10.0,5,9,483.3891763412187,16/03/2023,10:41:12,radial_basis
sweden,1938,1997,Male,100,10,10.0,5,10,491.16208693182546,16/03/2023,10:41:12,radial_basis
sweden,1938,1997,Male,100,15,10.0,5,1,414.7835534933956,16/03/2023,10:51:44,radial_basis
sweden,1938,1997,Male,100,15,10.0,5,2,414.26436061642823,16/03/2023,10:51:44,radial_basis
sweden,1938,1997,Male,100,15,10.0,5,3,432.5179828892317,16/03/2023,10:51:44,radial_basis
sweden,1938,1997,Male,100,15,10.0,5,4,440.40122797020695,16/03/2023,10:51:44,radial_basis
sweden,1938,1997,Male,100,15,10.0,5,5,445.0401012901347,16/03/2023,10:51:44,radial_basis
sweden,1938,1997,Male,100,15,10.0,5,6,445.8560728821393,16/03/2023,10:51:44,radial_basis
sweden,1938,1997,Male,100,15,10.0,5,7,461.7702839510766,16/03/2023,10:51:44,radial_basis
sweden,1938,1997,Male,100,15,10.0,5,8,469.6598386266001,16/03/2023,10:51:44,radial_basis
sweden,1938,1997,Male,100,15,10.0,5,9,472.00402262662624,16/03/2023,10:51:44,radial_basis
sweden,1938,1997,Male,100,15,10.0,5,10,475.3684957277588,16/03/2023,10:51:44,radial_basis
sweden,1939,1998,Male,100,5,10.0,3,1,420.63274320417446,16/03/2023,12:00:44,radial_basis
sweden,1939,1998,Male,100,5,10.0,3,2,433.6981721763059,16/03/2023,12:00:44,radial_basis
sweden,1939,1998,Male,100,5,10.0,3,3,437.45951661148496,16/03/2023,12:00:44,radial_basis
sweden,1939,1998,Male,100,5,10.0,3,4,451.6365059879821,16/03/2023,12:00:44,radial_basis
sweden,1939,1998,Male,100,5,10.0,3,5,438.6421097846515,16/03/2023,12:00:44,radial_basis
sweden,1939,1998,Male,100,5,10.0,3,6,453.1040057411887,16/03/2023,12:00:44,radial_basis
sweden,1939,1998,Male,100,5,10.0,3,7,466.56082848166426,16/03/2023,12:00:44,radial_basis
sweden,1939,1998,Male,100,5,10.0,3,8,461.9661180639781,16/03/2023,12:00:44,radial_basis
sweden,1939,1998,Male,100,5,10.0,3,9,467.57006766853533,16/03/2023,12:00:44,radial_basis
sweden,1939,1998,Male,100,5,10.0,3,10,469.5375739738294,16/03/2023,12:00:44,radial_basis
sweden,1937,1996,Male,100,15,10.0,5,1,415.54908867269404,16/03/2023,12:03:51,radial_basis
sweden,1937,1996,Male,100,15,10.0,5,2,424.62874587960994,16/03/2023,12:03:51,radial_basis
sweden,1937,1996,Male,100,15,10.0,5,3,426.6321600216719,16/03/2023,12:03:51,radial_basis
sweden,1937,1996,Male,100,15,10.0,5,4,450.3909119492414,16/03/2023,12:03:51,radial_basis
sweden,1937,1996,Male,100,15,10.0,5,5,453.1936889144075,16/03/2023,12:03:51,radial_basis
sweden,1937,1996,Male,100,15,10.0,5,6,461.82432268292513,16/03/2023,12:03:51,radial_basis
sweden,1937,1996,Male,100,15,10.0,5,7,462.00270022158367,16/03/2023,12:03:51,radial_basis
sweden,1937,1996,Male,100,15,10.0,5,8,476.99426870949475,16/03/2023,12:03:51,radial_basis
sweden,1937,1996,Male,100,15,10.0,5,9,487.72276669013723,16/03/2023,12:03:51,radial_basis
sweden,1937,1996,Male,100,15,10.0,5,10,489.33188994881874,16/03/2023,12:03:51,radial_basis
sweden,1938,1997,Male,100,15,10.0,3,1,398.0644631017969,16/03/2023,12:35:10,radial_basis
sweden,1938,1997,Male,100,15,10.0,3,2,405.0289066751168,16/03/2023,12:35:10,radial_basis
sweden,1938,1997,Male,100,15,10.0,3,3,430.3307085228429,16/03/2023,12:35:10,radial_basis
sweden,1938,1997,Male,100,15,10.0,3,4,437.845985565933,16/03/2023,12:35:10,radial_basis
sweden,1938,1997,Male,100,15,10.0,3,5,445.5256816143219,16/03/2023,12:35:10,radial_basis
sweden,1938,1997,Male,100,15,10.0,3,6,434.7801135108624,16/03/2023,12:35:10,radial_basis
sweden,1938,1997,Male,100,15,10.0,3,7,458.6879139308055,16/03/2023,12:35:10,radial_basis
sweden,1938,1997,Male,100,15,10.0,3,8,461.9445071502025,16/03/2023,12:35:10,radial_basis
sweden,1938,1997,Male,100,15,10.0,3,9,459.8676262390237,16/03/2023,12:35:10,radial_basis
sweden,1938,1997,Male,100,15,10.0,3,10,472.0545450939125,16/03/2023,12:35:10,radial_basis
sweden,1939,1998,Male,100,10,10.0,3,1,408.736624166258,16/03/2023,12:41:04,radial_basis
sweden,1939,1998,Male,100,10,10.0,3,2,437.32270822132233,16/03/2023,12:41:04,radial_basis
sweden,1939,1998,Male,100,10,10.0,3,3,447.94093816967313,16/03/2023,12:41:04,radial_basis
sweden,1939,1998,Male,100,10,10.0,3,4,454.03474392602004,16/03/2023,12:41:04,radial_basis
sweden,1939,1998,Male,100,10,10.0,3,5,444.42260964017436,16/03/2023,12:41:04,radial_basis
sweden,1939,1998,Male,100,10,10.0,3,6,478.7958871520034,16/03/2023,12:41:04,radial_basis
sweden,1939,1998,Male,100,10,10.0,3,7,477.08179831747907,16/03/2023,12:41:04,radial_basis
sweden,1939,1998,Male,100,10,10.0,3,8,481.6260762870221,16/03/2023,12:41:04,radial_basis
sweden,1939,1998,Male,100,10,10.0,3,9,496.73652740384864,16/03/2023,12:41:04,radial_basis
sweden,1939,1998,Male,100,10,10.0,3,10,499.444047617515,16/03/2023,12:41:04,radial_basis
sweden,1939,1998,Male,100,5,10.0,4,1,434.6477088251415,16/03/2023,14:27:29,radial_basis
sweden,1939,1998,Male,100,5,10.0,4,2,453.8640399389986,16/03/2023,14:27:29,radial_basis
sweden,1939,1998,Male,100,5,10.0,4,3,460.6927390055372,16/03/2023,14:27:29,radial_basis
sweden,1939,1998,Male,100,5,10.0,4,4,460.892037464698,16/03/2023,14:27:29,radial_basis
sweden,1939,1998,Male,100,5,10.0,4,5,464.40026512655123,16/03/2023,14:27:29,radial_basis
sweden,1939,1998,Male,100,5,10.0,4,6,492.7388336852479,16/03/2023,14:27:29,radial_basis
sweden,1939,1998,Male,100,5,10.0,4,7,487.8302559830928,16/03/2023,14:27:29,radial_basis
sweden,1939,1998,Male,100,5,10.0,4,8,504.8351300271323,16/03/2023,14:27:29,radial_basis
sweden,1939,1998,Male,100,5,10.0,4,9,508.57275334543084,16/03/2023,14:27:29,radial_basis
sweden,1939,1998,Male,100,5,10.0,4,10,516.7012770756,16/03/2023,14:27:29,radial_basis
sweden,1939,1998,Male,100,5,10.0,5,1,422.6630211255983,16/03/2023,15:09:55,radial_basis
sweden,1939,1998,Male,100,5,10.0,5,2,445.3783617298495,16/03/2023,15:09:55,radial_basis
sweden,1939,1998,Male,100,5,10.0,5,3,448.68983957223776,16/03/2023,15:09:55,radial_basis
sweden,1939,1998,Male,100,5,10.0,5,4,454.323121595309,16/03/2023,15:09:55,radial_basis
sweden,1939,1998,Male,100,5,10.0,5,5,454.3974083401905,16/03/2023,15:09:55,radial_basis
sweden,1939,1998,Male,100,5,10.0,5,6,476.62666583998254,16/03/2023,15:09:55,radial_basis
sweden,1939,1998,Male,100,5,10.0,5,7,479.03880365710563,16/03/2023,15:09:55,radial_basis
sweden,1939,1998,Male,100,5,10.0,5,8,482.5942157749018,16/03/2023,15:09:55,radial_basis
sweden,1939,1998,Male,100,5,10.0,5,9,488.52533125317115,16/03/2023,15:09:55,radial_basis
sweden,1939,1998,Male,100,5,10.0,5,10,493.19914023120015,16/03/2023,15:09:55,radial_basis
sweden,1939,1998,Male,100,15,10.0,3,1,406.57725895098093,16/03/2023,15:13:18,radial_basis
sweden,1939,1998,Male,100,15,10.0,3,2,434.83296236644276,16/03/2023,15:13:18,radial_basis
sweden,1939,1998,Male,100,15,10.0,3,3,436.85050886417184,16/03/2023,15:13:18,radial_basis
sweden,1939,1998,Male,100,15,10.0,3,4,444.60659765940505,16/03/2023,15:13:18,radial_basis
sweden,1939,1998,Male,100,15,10.0,3,5,439.5440810702687,16/03/2023,15:13:18,radial_basis
sweden,1939,1998,Male,100,15,10.0,3,6,464.629650514255,16/03/2023,15:13:18,radial_basis
sweden,1939,1998,Male,100,15,10.0,3,7,461.8240378486497,16/03/2023,15:13:18,radial_basis
sweden,1939,1998,Male,100,15,10.0,3,8,459.83978393812043,16/03/2023,15:13:18,radial_basis
sweden,1939,1998,Male,100,15,10.0,3,9,471.2260727886559,16/03/2023,15:13:18,radial_basis
sweden,1939,1998,Male,100,15,10.0,3,10,472.9332441570132,16/03/2023,15:13:18,radial_basis
sweden,1939,1998,Male,100,15,10.0,4,1,403.3313230572951,16/03/2023,15:15:14,radial_basis
sweden,1939,1998,Male,100,15,10.0,4,2,430.2631176960514,16/03/2023,15:15:14,radial_basis
sweden,1939,1998,Male,100,15,10.0,4,3,436.02815847738,16/03/2023,15:15:14,radial_basis
sweden,1939,1998,Male,100,15,10.0,4,4,440.4071675738277,16/03/2023,15:15:14,radial_basis
sweden,1939,1998,Male,100,15,10.0,4,5,436.0017526453703,16/03/2023,15:15:14,radial_basis
sweden,1939,1998,Male,100,15,10.0,4,6,458.57283181013986,16/03/2023,15:15:14,radial_basis
sweden,1939,1998,Male,100,15,10.0,4,7,458.96319703587574,16/03/2023,15:15:14,radial_basis
sweden,1939,1998,Male,100,15,10.0,4,8,458.01734819727534,16/03/2023,15:15:14,radial_basis
sweden,1939,1998,Male,100,15,10.0,4,9,468.82479706725564,16/03/2023,15:15:14,radial_basis
sweden,1939,1998,Male,100,15,10.0,4,10,469.2364736581547,16/03/2023,15:15:14,radial_basis
sweden,1939,1998,Male,100,10,10.0,4,1,402.93341525421613,16/03/2023,15:16:12,radial_basis
sweden,1939,1998,Male,100,10,10.0,4,2,431.9197221397944,16/03/2023,15:16:12,radial_basis
sweden,1939,1998,Male,100,10,10.0,4,3,437.90459504846257,16/03/2023,15:16:12,radial_basis
sweden,1939,1998,Male,100,10,10.0,4,4,446.8569119882654,16/03/2023,15:16:12,radial_basis
sweden,1939,1998,Male,100,10,10.0,4,5,436.85693194247415,16/03/2023,15:16:12,radial_basis
sweden,1939,1998,Male,100,10,10.0,4,6,461.8758130216869,16/03/2023,15:16:12,radial_basis
sweden,1939,1998,Male,100,10,10.0,4,7,463.21393748451663,16/03/2023,15:16:12,radial_basis
sweden,1939,1998,Male,100,10,10.0,4,8,464.28757664229744,16/03/2023,15:16:12,radial_basis
sweden,1939,1998,Male,100,10,10.0,4,9,475.4810996957759,16/03/2023,15:16:12,radial_basis
sweden,1939,1998,Male,100,10,10.0,4,10,478.82287137150075,16/03/2023,15:16:12,radial_basis
sweden,1940,1999,Male,100,5,10.0,3,1,444.0512174978235,16/03/2023,15:16:48,radial_basis
sweden,1940,1999,Male,100,5,10.0,3,2,445.46345233984414,16/03/2023,15:16:48,radial_basis
sweden,1940,1999,Male,100,5,10.0,3,3,446.3349529949831,16/03/2023,15:16:48,radial_basis
sweden,1940,1999,Male,100,5,10.0,3,4,438.44444426890266,16/03/2023,15:16:48,radial_basis
sweden,1940,1999,Male,100,5,10.0,3,5,457.41206524357466,16/03/2023,15:16:48,radial_basis
sweden,1940,1999,Male,100,5,10.0,3,6,459.96262258108624,16/03/2023,15:16:48,radial_basis
sweden,1940,1999,Male,100,5,10.0,3,7,456.95131925330844,16/03/2023,15:16:48,radial_basis
sweden,1940,1999,Male,100,5,10.0,3,8,462.7841213650819,16/03/2023,15:16:48,radial_basis
sweden,1940,1999,Male,100,5,10.0,3,9,465.2821706105614,16/03/2023,15:16:48,radial_basis
sweden,1940,1999,Male,100,5,10.0,3,10,481.5845366363572,16/03/2023,15:16:48,radial_basis
sweden,1940,1999,Male,100,10,10.0,3,1,436.35654308406964,16/03/2023,15:38:52,radial_basis
sweden,1940,1999,Male,100,10,10.0,3,2,431.87833094679104,16/03/2023,15:38:52,radial_basis
sweden,1940,1999,Male,100,10,10.0,3,3,439.0123294133258,16/03/2023,15:38:52,radial_basis
sweden,1940,1999,Male,100,10,10.0,3,4,435.05321483718546,16/03/2023,15:38:52,radial_basis
sweden,1940,1999,Male,100,10,10.0,3,5,472.7118616595795,16/03/2023,15:38:52,radial_basis
sweden,1940,1999,Male,100,10,10.0,3,6,464.89034366843555,16/03/2023,15:38:52,radial_basis
sweden,1940,1999,Male,100,10,10.0,3,7,472.69695742742215,16/03/2023,15:38:52,radial_basis
sweden,1940,1999,Male,100,10,10.0,3,8,478.37684857133945,16/03/2023,15:38:52,radial_basis
sweden,1940,1999,Male,100,10,10.0,3,9,483.0407897567988,16/03/2023,15:38:52,radial_basis
sweden,1940,1999,Male,100,10,10.0,3,10,500.2511005573944,16/03/2023,15:38:52,radial_basis
sweden,1939,1998,Male,100,15,10.0,5,1,413.99441916194127,16/03/2023,15:39:26,radial_basis
sweden,1939,1998,Male,100,15,10.0,5,2,444.26126827414464,16/03/2023,15:39:26,radial_basis
sweden,1939,1998,Male,100,15,10.0,5,3,444.22433026862575,16/03/2023,15:39:26,radial_basis
sweden,1939,1998,Male,100,15,10.0,5,4,455.62426455646397,16/03/2023,15:39:26,radial_basis
sweden,1939,1998,Male,100,15,10.0,5,5,445.1822055829239,16/03/2023,15:39:26,radial_basis
sweden,1939,1998,Male,100,15,10.0,5,6,470.37011373333155,16/03/2023,15:39:26,radial_basis
sweden,1939,1998,Male,100,15,10.0,5,7,473.6353793946077,16/03/2023,15:39:26,radial_basis
sweden,1939,1998,Male,100,15,10.0,5,8,475.5362374005148,16/03/2023,15:39:26,radial_basis
sweden,1939,1998,Male,100,15,10.0,5,9,491.1503450486756,16/03/2023,15:39:26,radial_basis
sweden,1939,1998,Male,100,15,10.0,5,10,491.895209661315,16/03/2023,15:39:26,radial_basis
sweden,1940,1999,Male,100,5,10.0,4,1,443.86089795306475,16/03/2023,15:57:05,radial_basis
sweden,1940,1999,Male,100,5,10.0,4,2,443.64739019874696,16/03/2023,15:57:05,radial_basis
sweden,1940,1999,Male,100,5,10.0,4,3,450.3662659125713,16/03/2023,15:57:05,radial_basis
sweden,1940,1999,Male,100,5,10.0,4,4,444.60212708971267,16/03/2023,15:57:05,radial_basis
sweden,1940,1999,Male,100,5,10.0,4,5,466.8135617329849,16/03/2023,15:57:05,radial_basis
sweden,1940,1999,Male,100,5,10.0,4,6,471.5240869974862,16/03/2023,15:57:05,radial_basis
sweden,1940,1999,Male,100,5,10.0,4,7,473.62648199817374,16/03/2023,15:57:05,radial_basis
sweden,1940,1999,Male,100,5,10.0,4,8,481.6361527277394,16/03/2023,15:57:05,radial_basis
sweden,1940,1999,Male,100,5,10.0,4,9,486.13852810400624,16/03/2023,15:57:05,radial_basis
sweden,1940,1999,Male,100,5,10.0,4,10,508.65719233832937,16/03/2023,15:57:05,radial_basis
sweden,1940,1999,Male,100,15,10.0,3,1,427.75416403312045,16/03/2023,16:01:45,radial_basis
sweden,1940,1999,Male,100,15,10.0,3,2,423.9073968927648,16/03/2023,16:01:45,radial_basis
sweden,1940,1999,Male,100,15,10.0,3,3,431.7664045364671,16/03/2023,16:01:45,radial_basis
sweden,1940,1999,Male,100,15,10.0,3,4,434.0965013470562,16/03/2023,16:01:45,radial_basis
sweden,1940,1999,Male,100,15,10.0,3,5,471.37178499087383,16/03/2023,16:01:45,radial_basis
sweden,1940,1999,Male,100,15,10.0,3,6,461.8638647025568,16/03/2023,16:01:45,radial_basis
sweden,1940,1999,Male,100,15,10.0,3,7,472.57058484021087,16/03/2023,16:01:45,radial_basis
sweden,1940,1999,Male,100,15,10.0,3,8,485.80427587219015,16/03/2023,16:01:45,radial_basis
sweden,1940,1999,Male,100,15,10.0,3,9,492.3472831864291,16/03/2023,16:01:45,radial_basis
sweden,1940,1999,Male,100,15,10.0,3,10,514.6115976705023,16/03/2023,16:01:45,radial_basis
sweden,1940,1999,Male,100,10,10.0,4,1,424.74122674168285,16/03/2023,17:30:11,radial_basis
sweden,1940,1999,Male,100,10,10.0,4,2,431.1767301991609,16/03/2023,17:30:11,radial_basis
sweden,1940,1999,Male,100,10,10.0,4,3,436.12632153072366,16/03/2023,17:30:11,radial_basis
sweden,1940,1999,Male,100,10,10.0,4,4,435.94572392596035,16/03/2023,17:30:11,radial_basis
sweden,1940,1999,Male,100,10,10.0,4,5,467.11314134239325,16/03/2023,17:30:11,radial_basis
sweden,1940,1999,Male,100,10,10.0,4,6,464.39542120767874,16/03/2023,17:30:11,radial_basis
sweden,1940,1999,Male,100,10,10.0,4,7,471.38026050695703,16/03/2023,17:30:11,radial_basis
sweden,1940,1999,Male,100,10,10.0,4,8,483.31100157742,16/03/2023,17:30:11,radial_basis
sweden,1940,1999,Male,100,10,10.0,4,9,486.2478953363853,16/03/2023,17:30:11,radial_basis
sweden,1940,1999,Male,100,10,10.0,4,10,509.6243331520261,16/03/2023,17:30:11,radial_basis
sweden,1940,1999,Male,100,5,10.0,5,1,436.90165267316513,16/03/2023,17:49:19,radial_basis
sweden,1940,1999,Male,100,5,10.0,5,2,439.5524755526941,16/03/2023,17:49:19,radial_basis
sweden,1940,1999,Male,100,5,10.0,5,3,447.6358100749603,16/03/2023,17:49:19,radial_basis
sweden,1940,1999,Male,100,5,10.0,5,4,433.1667717870949,16/03/2023,17:49:19,radial_basis
sweden,1940,1999,Male,100,5,10.0,5,5,468.8534445720559,16/03/2023,17:49:19,radial_basis
sweden,1940,1999,Male,100,5,10.0,5,6,465.34640939477237,16/03/2023,17:49:19,radial_basis
sweden,1940,1999,Male,100,5,10.0,5,7,468.90742470362767,16/03/2023,17:49:19,radial_basis
sweden,1940,1999,Male,100,5,10.0,5,8,480.8505896549809,16/03/2023,17:49:19,radial_basis
sweden,1940,1999,Male,100,5,10.0,5,9,485.0936917292463,16/03/2023,17:49:19,radial_basis
sweden,1940,1999,Male,100,5,10.0,5,10,504.30530060525683,16/03/2023,17:49:19,radial_basis
sweden,1939,1998,Male,100,10,10.0,5,1,413.93145693948856,16/03/2023,17:52:12,radial_basis
sweden,1939,1998,Male,100,10,10.0,5,2,425.77134413941616,16/03/2023,17:52:12,radial_basis
sweden,1939,1998,Male,100,10,10.0,5,3,435.9325751373444,16/03/2023,17:52:12,radial_basis
sweden,1939,1998,Male,100,10,10.0,5,4,431.39513848433864,16/03/2023,17:52:12,radial_basis
sweden,1939,1998,Male,100,10,10.0,5,5,435.1855726401113,16/03/2023,17:52:12,radial_basis
sweden,1939,1998,Male,100,10,10.0,5,6,456.8645016123773,16/03/2023,17:52:12,radial_basis
sweden,1939,1998,Male,100,10,10.0,5,7,457.38439758182955,16/03/2023,17:52:12,radial_basis
sweden,1939,1998,Male,100,10,10.0,5,8,464.09228940069033,16/03/2023,17:52:12,radial_basis
sweden,1939,1998,Male,100,10,10.0,5,9,472.720400587846,16/03/2023,17:52:12,radial_basis
sweden,1939,1998,Male,100,10,10.0,5,10,478.31760108756845,16/03/2023,17:52:12,radial_basis
sweden,1940,1999,Male,100,15,10.0,4,1,421.4001403147983,16/03/2023,19:50:05,radial_basis
sweden,1940,1999,Male,100,15,10.0,4,2,423.0814792339907,16/03/2023,19:50:05,radial_basis
sweden,1940,1999,Male,100,15,10.0,4,3,431.9385651459228,16/03/2023,19:50:05,radial_basis
sweden,1940,1999,Male,100,15,10.0,4,4,422.7856001558875,16/03/2023,19:50:05,radial_basis
sweden,1940,1999,Male,100,15,10.0,4,5,454.28502502006063,16/03/2023,19:50:05,radial_basis
sweden,1940,1999,Male,100,15,10.0,4,6,452.96466863847604,16/03/2023,19:50:05,radial_basis
sweden,1940,1999,Male,100,15,10.0,4,7,454.32267494167746,16/03/2023,19:50:05,radial_basis
sweden,1940,1999,Male,100,15,10.0,4,8,466.12949986235606,16/03/2023,19:50:05,radial_basis
sweden,1940,1999,Male,100,15,10.0,4,9,471.7045100051664,16/03/2023,19:50:05,radial_basis
sweden,1940,1999,Male,100,15,10.0,4,10,489.4043930817758,16/03/2023,19:50:05,radial_basis
sweden,1940,1999,Male,100,15,10.0,5,1,428.87058006787,16/03/2023,20:02:56,radial_basis
sweden,1940,1999,Male,100,15,10.0,5,2,432.4308192334619,16/03/2023,20:02:56,radial_basis
sweden,1940,1999,Male,100,15,10.0,5,3,438.95073189694136,16/03/2023,20:02:56,radial_basis
sweden,1940,1999,Male,100,15,10.0,5,4,441.80290662901535,16/03/2023,20:02:56,radial_basis
sweden,1940,1999,Male,100,15,10.0,5,5,471.2806278628707,16/03/2023,20:02:56,radial_basis
sweden,1940,1999,Male,100,15,10.0,5,6,469.6634155105027,16/03/2023,20:02:56,radial_basis
sweden,1940,1999,Male,100,15,10.0,5,7,479.10485892111484,16/03/2023,20:02:56,radial_basis
sweden,1940,1999,Male,100,15,10.0,5,8,490.7208270354012,16/03/2023,20:02:56,radial_basis
sweden,1940,1999,Male,100,15,10.0,5,9,497.64338788959503,16/03/2023,20:02:56,radial_basis
sweden,1940,1999,Male,100,15,10.0,5,10,520.8304456695822,16/03/2023,20:02:56,radial_basis
sweden,1941,2000,Male,100,5,10.0,3,1,426.281503075473,16/03/2023,20:25:45,radial_basis
sweden,1941,2000,Male,100,5,10.0,3,2,437.67294489898313,16/03/2023,20:25:45,radial_basis
sweden,1941,2000,Male,100,5,10.0,3,3,443.2520536973886,16/03/2023,20:25:45,radial_basis
sweden,1941,2000,Male,100,5,10.0,3,4,462.3127018742679,16/03/2023,20:25:45,radial_basis
sweden,1941,2000,Male,100,5,10.0,3,5,472.71982658000485,16/03/2023,20:25:45,radial_basis
sweden,1941,2000,Male,100,5,10.0,3,6,486.98713146060334,16/03/2023,20:25:45,radial_basis
sweden,1941,2000,Male,100,5,10.0,3,7,480.41366444072924,16/03/2023,20:25:45,radial_basis
sweden,1941,2000,Male,100,5,10.0,3,8,492.31047493155944,16/03/2023,20:25:45,radial_basis
sweden,1941,2000,Male,100,5,10.0,3,9,518.8730669503806,16/03/2023,20:25:45,radial_basis
sweden,1941,2000,Male,100,5,10.0,3,10,521.1773762107855,16/03/2023,20:25:45,radial_basis
sweden,1940,1999,Male,100,10,10.0,5,1,440.2206729110141,16/03/2023,20:26:57,radial_basis
sweden,1940,1999,Male,100,10,10.0,5,2,445.8680635944621,16/03/2023,20:26:57,radial_basis
sweden,1940,1999,Male,100,10,10.0,5,3,451.51315220153316,16/03/2023,20:26:57,radial_basis
sweden,1940,1999,Male,100,10,10.0,5,4,452.3101095352756,16/03/2023,20:26:57,radial_basis
sweden,1940,1999,Male,100,10,10.0,5,5,477.29219076310994,16/03/2023,20:26:57,radial_basis
sweden,1940,1999,Male,100,10,10.0,5,6,480.0404906975695,16/03/2023,20:26:57,radial_basis
sweden,1940,1999,Male,100,10,10.0,5,7,486.9386180291324,16/03/2023,20:26:57,radial_basis
sweden,1940,1999,Male,100,10,10.0,5,8,488.7072500002418,16/03/2023,20:26:57,radial_basis
sweden,1940,1999,Male,100,10,10.0,5,9,497.6733496189842,16/03/2023,20:26:57,radial_basis
sweden,1940,1999,Male,100,10,10.0,5,10,527.0073040339198,16/03/2023,20:26:57,radial_basis
sweden,1941,2000,Male,100,5,10.0,4,1,434.5619360238967,16/03/2023,20:34:57,radial_basis
sweden,1941,2000,Male,100,5,10.0,4,2,444.1023755254904,16/03/2023,20:34:57,radial_basis
sweden,1941,2000,Male,100,5,10.0,4,3,431.92465548767905,16/03/2023,20:34:57,radial_basis
sweden,1941,2000,Male,100,5,10.0,4,4,445.9568454629291,16/03/2023,20:34:57,radial_basis
sweden,1941,2000,Male,100,5,10.0,4,5,450.8183170418142,16/03/2023,20:34:57,radial_basis
sweden,1941,2000,Male,100,5,10.0,4,6,452.0437349047401,16/03/2023,20:34:57,radial_basis
sweden,1941,2000,Male,100,5,10.0,4,7,461.613961188998,16/03/2023,20:34:57,radial_basis
sweden,1941,2000,Male,100,5,10.0,4,8,466.1402801037926,16/03/2023,20:34:57,radial_basis
sweden,1941,2000,Male,100,5,10.0,4,9,484.81725224910343,16/03/2023,20:34:57,radial_basis
sweden,1941,2000,Male,100,5,10.0,4,10,483.8546552227413,16/03/2023,20:34:57,radial_basis
sweden,1941,2000,Male,100,15,10.0,3,1,420.44369620937937,16/03/2023,20:38:57,radial_basis
sweden,1941,2000,Male,100,15,10.0,3,2,430.2869019930027,16/03/2023,20:38:57,radial_basis
sweden,1941,2000,Male,100,15,10.0,3,3,425.3704385522539,16/03/2023,20:38:57,radial_basis
sweden,1941,2000,Male,100,15,10.0,3,4,463.25262421296947,16/03/2023,20:38:57,radial_basis
sweden,1941,2000,Male,100,15,10.0,3,5,459.2582282792035,16/03/2023,20:38:57,radial_basis
sweden,1941,2000,Male,100,15,10.0,3,6,469.8935031570008,16/03/2023,20:38:57,radial_basis
sweden,1941,2000,Male,100,15,10.0,3,7,480.4519177217651,16/03/2023,20:38:57,radial_basis
sweden,1941,2000,Male,100,15,10.0,3,8,487.3010004752834,16/03/2023,20:38:57,radial_basis
sweden,1941,2000,Male,100,15,10.0,3,9,517.2391944583622,16/03/2023,20:38:57,radial_basis
sweden,1941,2000,Male,100,15,10.0,3,10,507.9680737162352,16/03/2023,20:38:57,radial_basis
sweden,1941,2000,Male,100,10,10.0,4,1,432.5413421054132,16/03/2023,20:39:06,radial_basis
sweden,1941,2000,Male,100,10,10.0,4,2,431.9417120999767,16/03/2023,20:39:06,radial_basis
sweden,1941,2000,Male,100,10,10.0,4,3,420.09099414911327,16/03/2023,20:39:06,radial_basis
sweden,1941,2000,Male,100,10,10.0,4,4,456.4331531406273,16/03/2023,20:39:06,radial_basis
sweden,1941,2000,Male,100,10,10.0,4,5,450.3801121148995,16/03/2023,20:39:06,radial_basis
sweden,1941,2000,Male,100,10,10.0,4,6,453.4727633511121,16/03/2023,20:39:06,radial_basis
sweden,1941,2000,Male,100,10,10.0,4,7,464.7902854276618,16/03/2023,20:39:06,radial_basis
sweden,1941,2000,Male,100,10,10.0,4,8,470.41608901340777,16/03/2023,20:39:06,radial_basis
sweden,1941,2000,Male,100,10,10.0,4,9,494.1562205604592,16/03/2023,20:39:06,radial_basis
sweden,1941,2000,Male,100,10,10.0,4,10,480.0769715206092,16/03/2023,20:39:06,radial_basis
sweden,1941,2000,Male,100,5,10.0,5,1,420.97772002680784,16/03/2023,20:51:15,radial_basis
sweden,1941,2000,Male,100,5,10.0,5,2,430.7257735060489,16/03/2023,20:51:15,radial_basis
sweden,1941,2000,Male,100,5,10.0,5,3,429.5311964848212,16/03/2023,20:51:15,radial_basis
sweden,1941,2000,Male,100,5,10.0,5,4,465.5952900029499,16/03/2023,20:51:15,radial_basis
sweden,1941,2000,Male,100,5,10.0,5,5,466.49100150336164,16/03/2023,20:51:15,radial_basis
sweden,1941,2000,Male,100,5,10.0,5,6,479.17217708545616,16/03/2023,20:51:15,radial_basis
sweden,1941,2000,Male,100,5,10.0,5,7,488.7651494446107,16/03/2023,20:51:15,radial_basis
sweden,1941,2000,Male,100,5,10.0,5,8,496.91573968914304,16/03/2023,20:51:15,radial_basis
sweden,1941,2000,Male,100,5,10.0,5,9,528.2009832747549,16/03/2023,20:51:15,radial_basis
sweden,1941,2000,Male,100,5,10.0,5,10,519.3343410894353,16/03/2023,20:51:15,radial_basis
sweden,1941,2000,Male,100,10,10.0,3,1,440.67353568832914,16/03/2023,20:59:36,radial_basis
sweden,1941,2000,Male,100,10,10.0,3,2,443.5923592706856,16/03/2023,20:59:36,radial_basis
sweden,1941,2000,Male,100,10,10.0,3,3,432.7515504172555,16/03/2023,20:59:36,radial_basis
sweden,1941,2000,Male,100,10,10.0,3,4,478.27866550370214,16/03/2023,20:59:36,radial_basis
sweden,1941,2000,Male,100,10,10.0,3,5,468.89719790991285,16/03/2023,20:59:36,radial_basis
sweden,1941,2000,Male,100,10,10.0,3,6,474.8022019120026,16/03/2023,20:59:36,radial_basis
sweden,1941,2000,Male,100,10,10.0,3,7,483.86638935072546,16/03/2023,20:59:36,radial_basis
sweden,1941,2000,Male,100,10,10.0,3,8,488.93573293484417,16/03/2023,20:59:36,radial_basis
sweden,1941,2000,Male,100,10,10.0,3,9,519.4823168617603,16/03/2023,20:59:36,radial_basis
sweden,1941,2000,Male,100,10,10.0,3,10,502.9592085936261,16/03/2023,20:59:36,radial_basis
sweden,1941,2000,Male,100,15,10.0,4,1,431.1078031594523,16/03/2023,21:08:47,radial_basis
sweden,1941,2000,Male,100,15,10.0,4,2,435.7216312938501,16/03/2023,21:08:47,radial_basis
sweden,1941,2000,Male,100,15,10.0,4,3,420.7593963562271,16/03/2023,21:08:47,radial_basis
sweden,1941,2000,Male,100,15,10.0,4,4,454.5593947833999,16/03/2023,21:08:47,radial_basis
sweden,1941,2000,Male,100,15,10.0,4,5,450.7825387406326,16/03/2023,21:08:47,radial_basis
sweden,1941,2000,Male,100,15,10.0,4,6,456.75859197048476,16/03/2023,21:08:47,radial_basis
sweden,1941,2000,Male,100,15,10.0,4,7,469.683591742555,16/03/2023,21:08:47,radial_basis
sweden,1941,2000,Male,100,15,10.0,4,8,473.20663705705573,16/03/2023,21:08:47,radial_basis
sweden,1941,2000,Male,100,15,10.0,4,9,501.7058458443439,16/03/2023,21:08:47,radial_basis
sweden,1941,2000,Male,100,15,10.0,4,10,493.0312212179748,16/03/2023,21:08:47,radial_basis
sweden,1941,2000,Male,100,10,10.0,5,1,423.93726603736843,16/03/2023,21:33:49,radial_basis
sweden,1941,2000,Male,100,10,10.0,5,2,433.33846980612816,16/03/2023,21:33:49,radial_basis
sweden,1941,2000,Male,100,10,10.0,5,3,428.537229344905,16/03/2023,21:33:49,radial_basis
sweden,1941,2000,Male,100,10,10.0,5,4,453.2789592658554,16/03/2023,21:33:49,radial_basis
sweden,1941,2000,Male,100,10,10.0,5,5,458.71186899226973,16/03/2023,21:33:49,radial_basis
sweden,1941,2000,Male,100,10,10.0,5,6,464.38189601634923,16/03/2023,21:33:49,radial_basis
sweden,1941,2000,Male,100,10,10.0,5,7,470.90889076064394,16/03/2023,21:33:49,radial_basis
sweden,1941,2000,Male,100,10,10.0,5,8,478.2407171587798,16/03/2023,21:33:49,radial_basis
sweden,1941,2000,Male,100,10,10.0,5,9,505.13612176175326,16/03/2023,21:33:49,radial_basis
sweden,1941,2000,Male,100,10,10.0,5,10,495.48474074362986,16/03/2023,21:33:49,radial_basis
sweden,1941,2000,Male,100,15,10.0,5,1,415.88420718520774,16/03/2023,21:44:19,radial_basis
sweden,1941,2000,Male,100,15,10.0,5,2,424.7680086061487,16/03/2023,21:44:19,radial_basis
sweden,1941,2000,Male,100,15,10.0,5,3,419.9548728182451,16/03/2023,21:44:19,radial_basis
sweden,1941,2000,Male,100,15,10.0,5,4,450.0741073325314,16/03/2023,21:44:19,radial_basis
sweden,1941,2000,Male,100,15,10.0,5,5,453.2293800604361,16/03/2023,21:44:19,radial_basis
sweden,1941,2000,Male,100,15,10.0,5,6,458.8227833376568,16/03/2023,21:44:19,radial_basis
sweden,1941,2000,Male,100,15,10.0,5,7,467.8430212726391,16/03/2023,21:44:19,radial_basis
sweden,1941,2000,Male,100,15,10.0,5,8,475.78832032157914,16/03/2023,21:44:19,radial_basis
sweden,1941,2000,Male,100,15,10.0,5,9,502.16061781364255,16/03/2023,21:44:19,radial_basis
sweden,1941,2000,Male,100,15,10.0,5,10,493.29505127334454,16/03/2023,21:44:19,radial_basis
sweden,1942,2001,Male,100,5,10.0,3,1,442.53916247089865,16/03/2023,22:43:48,radial_basis
sweden,1942,2001,Male,100,5,10.0,3,2,431.4637630071154,16/03/2023,22:43:48,radial_basis
sweden,1942,2001,Male,100,5,10.0,3,3,461.98808843922507,16/03/2023,22:43:48,radial_basis
sweden,1942,2001,Male,100,5,10.0,3,4,460.5622605782077,16/03/2023,22:43:48,radial_basis
sweden,1942,2001,Male,100,5,10.0,3,5,465.70866279876736,16/03/2023,22:43:48,radial_basis
sweden,1942,2001,Male,100,5,10.0,3,6,471.9380770137076,16/03/2023,22:43:48,radial_basis
sweden,1942,2001,Male,100,5,10.0,3,7,474.1521714226096,16/03/2023,22:43:48,radial_basis
sweden,1942,2001,Male,100,5,10.0,3,8,502.43653523030133,16/03/2023,22:43:48,radial_basis
sweden,1942,2001,Male,100,5,10.0,3,9,494.1173546070908,16/03/2023,22:43:48,radial_basis
sweden,1942,2001,Male,100,5,10.0,3,10,508.70552696958674,16/03/2023,22:43:48,radial_basis
sweden,1942,2001,Male,100,10,10.0,3,1,439.59831508125995,16/03/2023,23:38:06,radial_basis
sweden,1942,2001,Male,100,10,10.0,3,2,415.1874826865439,16/03/2023,23:38:06,radial_basis
sweden,1942,2001,Male,100,10,10.0,3,3,440.61888985744673,16/03/2023,23:38:06,radial_basis
sweden,1942,2001,Male,100,10,10.0,3,4,448.48463591527957,16/03/2023,23:38:06,radial_basis
sweden,1942,2001,Male,100,10,10.0,3,5,447.33366501739016,16/03/2023,23:38:06,radial_basis
sweden,1942,2001,Male,100,10,10.0,3,6,452.8309120287016,16/03/2023,23:38:06,radial_basis
sweden,1942,2001,Male,100,10,10.0,3,7,460.8597222507775,16/03/2023,23:38:06,radial_basis
sweden,1942,2001,Male,100,10,10.0,3,8,485.84562172449967,16/03/2023,23:38:06,radial_basis
sweden,1942,2001,Male,100,10,10.0,3,9,476.1316493579623,16/03/2023,23:38:06,radial_basis
sweden,1942,2001,Male,100,10,10.0,3,10,490.88090867055314,16/03/2023,23:38:06,radial_basis
sweden,1942,2001,Male,100,5,10.0,4,1,411.2698750957732,17/03/2023,01:00:43,radial_basis
sweden,1942,2001,Male,100,5,10.0,4,2,406.15033826833235,17/03/2023,01:00:43,radial_basis
sweden,1942,2001,Male,100,5,10.0,4,3,438.3133480073036,17/03/2023,01:00:43,radial_basis
sweden,1942,2001,Male,100,5,10.0,4,4,437.677404478018,17/03/2023,01:00:43,radial_basis
sweden,1942,2001,Male,100,5,10.0,4,5,441.70313495796285,17/03/2023,01:00:43,radial_basis
sweden,1942,2001,Male,100,5,10.0,4,6,453.62273854041666,17/03/2023,01:00:43,radial_basis
sweden,1942,2001,Male,100,5,10.0,4,7,461.11376154308874,17/03/2023,01:00:43,radial_basis
sweden,1942,2001,Male,100,5,10.0,4,8,481.44492794480504,17/03/2023,01:00:43,radial_basis
sweden,1942,2001,Male,100,5,10.0,4,9,480.5068461087824,17/03/2023,01:00:43,radial_basis
sweden,1942,2001,Male,100,5,10.0,4,10,491.41988567840104,17/03/2023,01:00:43,radial_basis
sweden,1942,2001,Male,100,10,10.0,4,1,425.2902390669662,17/03/2023,01:24:57,radial_basis
sweden,1942,2001,Male,100,10,10.0,4,2,420.775530751881,17/03/2023,01:24:57,radial_basis
sweden,1942,2001,Male,100,10,10.0,4,3,454.7367956548678,17/03/2023,01:24:57,radial_basis
sweden,1942,2001,Male,100,10,10.0,4,4,456.3016396379013,17/03/2023,01:24:57,radial_basis
sweden,1942,2001,Male,100,10,10.0,4,5,468.85703381691076,17/03/2023,01:24:57,radial_basis
sweden,1942,2001,Male,100,10,10.0,4,6,478.5864330414606,17/03/2023,01:24:57,radial_basis
sweden,1942,2001,Male,100,10,10.0,4,7,488.9155510584784,17/03/2023,01:24:57,radial_basis
sweden,1942,2001,Male,100,10,10.0,4,8,513.7855312635055,17/03/2023,01:24:57,radial_basis
sweden,1942,2001,Male,100,10,10.0,4,9,513.1212129477806,17/03/2023,01:24:57,radial_basis
sweden,1942,2001,Male,100,10,10.0,4,10,525.9187202560976,17/03/2023,01:24:57,radial_basis
sweden,1942,2001,Male,100,15,10.0,3,1,430.1097727703219,17/03/2023,01:31:31,radial_basis
sweden,1942,2001,Male,100,15,10.0,3,2,420.66212263708155,17/03/2023,01:31:31,radial_basis
sweden,1942,2001,Male,100,15,10.0,3,3,454.50077615790053,17/03/2023,01:31:31,radial_basis
sweden,1942,2001,Male,100,15,10.0,3,4,459.16078831637515,17/03/2023,01:31:31,radial_basis
sweden,1942,2001,Male,100,15,10.0,3,5,467.6526412807612,17/03/2023,01:31:31,radial_basis
sweden,1942,2001,Male,100,15,10.0,3,6,477.5751334531802,17/03/2023,01:31:31,radial_basis
sweden,1942,2001,Male,100,15,10.0,3,7,483.2447522887083,17/03/2023,01:31:31,radial_basis
sweden,1942,2001,Male,100,15,10.0,3,8,513.4638246563264,17/03/2023,01:31:31,radial_basis
sweden,1942,2001,Male,100,15,10.0,3,9,504.4050390039539,17/03/2023,01:31:31,radial_basis
sweden,1942,2001,Male,100,15,10.0,3,10,520.0486016078861,17/03/2023,01:31:31,radial_basis
sweden,1942,2001,Male,100,5,10.0,5,1,421.57736034116635,17/03/2023,01:36:39,radial_basis
sweden,1942,2001,Male,100,5,10.0,5,2,418.837037634386,17/03/2023,01:36:39,radial_basis
sweden,1942,2001,Male,100,5,10.0,5,3,450.94373691821227,17/03/2023,01:36:39,radial_basis
sweden,1942,2001,Male,100,5,10.0,5,4,447.04122309645425,17/03/2023,01:36:39,radial_basis
sweden,1942,2001,Male,100,5,10.0,5,5,455.2948161848115,17/03/2023,01:36:39,radial_basis
sweden,1942,2001,Male,100,5,10.0,5,6,462.28259258574224,17/03/2023,01:36:39,radial_basis
sweden,1942,2001,Male,100,5,10.0,5,7,468.1865096055585,17/03/2023,01:36:39,radial_basis
sweden,1942,2001,Male,100,5,10.0,5,8,487.02757774350016,17/03/2023,01:36:39,radial_basis
sweden,1942,2001,Male,100,5,10.0,5,9,483.00988669168726,17/03/2023,01:36:39,radial_basis
sweden,1942,2001,Male,100,5,10.0,5,10,495.89650727234357,17/03/2023,01:36:39,radial_basis
sweden,1943,2002,Male,100,5,10.0,3,1,411.2604818263307,17/03/2023,01:48:10,radial_basis
sweden,1943,2002,Male,100,5,10.0,3,2,452.6775322479925,17/03/2023,01:48:10,radial_basis
sweden,1943,2002,Male,100,5,10.0,3,3,450.01044647871987,17/03/2023,01:48:10,radial_basis
sweden,1943,2002,Male,100,5,10.0,3,4,455.18930653019225,17/03/2023,01:48:10,radial_basis
sweden,1943,2002,Male,100,5,10.0,3,5,459.3078577353038,17/03/2023,01:48:10,radial_basis
sweden,1943,2002,Male,100,5,10.0,3,6,468.59171378924043,17/03/2023,01:48:10,radial_basis
sweden,1943,2002,Male,100,5,10.0,3,7,495.5900256161891,17/03/2023,01:48:10,radial_basis
sweden,1943,2002,Male,100,5,10.0,3,8,487.64038825604314,17/03/2023,01:48:10,radial_basis
sweden,1943,2002,Male,100,5,10.0,3,9,497.7691921158166,17/03/2023,01:48:10,radial_basis
sweden,1943,2002,Male,100,5,10.0,3,10,491.1881139662718,17/03/2023,01:48:10,radial_basis
sweden,1942,2001,Male,100,15,10.0,4,1,426.0845520900822,17/03/2023,01:58:01,radial_basis
sweden,1942,2001,Male,100,15,10.0,4,2,417.13810799734426,17/03/2023,01:58:01,radial_basis
sweden,1942,2001,Male,100,15,10.0,4,3,442.56165669736407,17/03/2023,01:58:01,radial_basis
sweden,1942,2001,Male,100,15,10.0,4,4,445.8184896161537,17/03/2023,01:58:01,radial_basis
sweden,1942,2001,Male,100,15,10.0,4,5,448.7881988187226,17/03/2023,01:58:01,radial_basis
sweden,1942,2001,Male,100,15,10.0,4,6,456.2404491901512,17/03/2023,01:58:01,radial_basis
sweden,1942,2001,Male,100,15,10.0,4,7,461.32928491473547,17/03/2023,01:58:01,radial_basis
sweden,1942,2001,Male,100,15,10.0,4,8,479.6938486811679,17/03/2023,01:58:01,radial_basis
sweden,1942,2001,Male,100,15,10.0,4,9,475.7121904080837,17/03/2023,01:58:01,radial_basis
sweden,1942,2001,Male,100,15,10.0,4,10,483.86660406973874,17/03/2023,01:58:01,radial_basis
sweden,1943,2002,Male,100,10,10.0,3,1,400.1660241367662,17/03/2023,02:06:27,radial_basis
sweden,1943,2002,Male,100,10,10.0,3,2,431.16164626668774,17/03/2023,02:06:27,radial_basis
sweden,1943,2002,Male,100,10,10.0,3,3,432.010271658274,17/03/2023,02:06:27,radial_basis
sweden,1943,2002,Male,100,10,10.0,3,4,436.16556327536597,17/03/2023,02:06:27,radial_basis
sweden,1943,2002,Male,100,10,10.0,3,5,439.28020716425647,17/03/2023,02:06:27,radial_basis
sweden,1943,2002,Male,100,10,10.0,3,6,448.0929931046423,17/03/2023,02:06:27,radial_basis
sweden,1943,2002,Male,100,10,10.0,3,7,476.2953893353418,17/03/2023,02:06:27,radial_basis
sweden,1943,2002,Male,100,10,10.0,3,8,463.7532692695888,17/03/2023,02:06:27,radial_basis
sweden,1943,2002,Male,100,10,10.0,3,9,475.8013906699713,17/03/2023,02:06:27,radial_basis
sweden,1943,2002,Male,100,10,10.0,3,10,469.832449360162,17/03/2023,02:06:27,radial_basis
sweden,1942,2001,Male,100,15,10.0,5,1,411.59764119578153,17/03/2023,02:15:01,radial_basis
sweden,1942,2001,Male,100,15,10.0,5,2,421.9829651431508,17/03/2023,02:15:01,radial_basis
sweden,1942,2001,Male,100,15,10.0,5,3,440.98772927180124,17/03/2023,02:15:01,radial_basis
sweden,1942,2001,Male,100,15,10.0,5,4,446.47360867498185,17/03/2023,02:15:01,radial_basis
sweden,1942,2001,Male,100,15,10.0,5,5,452.51009033760175,17/03/2023,02:15:01,radial_basis
sweden,1942,2001,Male,100,15,10.0,5,6,457.67166499349594,17/03/2023,02:15:01,radial_basis
sweden,1942,2001,Male,100,15,10.0,5,7,465.3828905892867,17/03/2023,02:15:01,radial_basis
sweden,1942,2001,Male,100,15,10.0,5,8,486.4126498634766,17/03/2023,02:15:01,radial_basis
sweden,1942,2001,Male,100,15,10.0,5,9,480.780269962033,17/03/2023,02:15:01,radial_basis
sweden,1942,2001,Male,100,15,10.0,5,10,494.08011580810205,17/03/2023,02:15:01,radial_basis
sweden,1943,2002,Male,100,5,10.0,4,1,427.525461988558,17/03/2023,02:21:29,radial_basis
sweden,1943,2002,Male,100,5,10.0,4,2,469.27547515064356,17/03/2023,02:21:29,radial_basis
sweden,1943,2002,Male,100,5,10.0,4,3,454.38906270499615,17/03/2023,02:21:29,radial_basis
sweden,1943,2002,Male,100,5,10.0,4,4,458.5748491973114,17/03/2023,02:21:29,radial_basis
sweden,1943,2002,Male,100,5,10.0,4,5,466.72650158239105,17/03/2023,02:21:29,radial_basis
sweden,1943,2002,Male,100,5,10.0,4,6,468.20132302722135,17/03/2023,02:21:29,radial_basis
sweden,1943,2002,Male,100,5,10.0,4,7,496.7921504860996,17/03/2023,02:21:29,radial_basis
sweden,1943,2002,Male,100,5,10.0,4,8,483.25495812494955,17/03/2023,02:21:29,radial_basis
sweden,1943,2002,Male,100,5,10.0,4,9,497.4370768284622,17/03/2023,02:21:29,radial_basis
sweden,1943,2002,Male,100,5,10.0,4,10,493.91270132783217,17/03/2023,02:21:29,radial_basis
sweden,1943,2002,Male,100,10,10.0,4,1,407.2324823077393,17/03/2023,02:48:23,radial_basis
sweden,1943,2002,Male,100,10,10.0,4,2,448.65245249133807,17/03/2023,02:48:23,radial_basis
sweden,1943,2002,Male,100,10,10.0,4,3,441.99197996810216,17/03/2023,02:48:23,radial_basis
sweden,1943,2002,Male,100,10,10.0,4,4,454.47449589220116,17/03/2023,02:48:23,radial_basis
sweden,1943,2002,Male,100,10,10.0,4,5,461.99846911952096,17/03/2023,02:48:23,radial_basis
sweden,1943,2002,Male,100,10,10.0,4,6,471.24105248926384,17/03/2023,02:48:23,radial_basis
sweden,1943,2002,Male,100,10,10.0,4,7,495.63227064894915,17/03/2023,02:48:23,radial_basis
sweden,1943,2002,Male,100,10,10.0,4,8,486.6518304172116,17/03/2023,02:48:23,radial_basis
sweden,1943,2002,Male,100,10,10.0,4,9,502.5090513632343,17/03/2023,02:48:23,radial_basis
sweden,1943,2002,Male,100,10,10.0,4,10,503.64140930402436,17/03/2023,02:48:23,radial_basis
sweden,1943,2002,Male,100,15,10.0,4,1,409.64444057292445,17/03/2023,03:11:59,radial_basis
sweden,1943,2002,Male,100,15,10.0,4,2,453.8892220711857,17/03/2023,03:11:59,radial_basis
sweden,1943,2002,Male,100,15,10.0,4,3,441.60812065911944,17/03/2023,03:11:59,radial_basis
sweden,1943,2002,Male,100,15,10.0,4,4,448.3850453797944,17/03/2023,03:11:59,radial_basis
sweden,1943,2002,Male,100,15,10.0,4,5,456.7826052523003,17/03/2023,03:11:59,radial_basis
sweden,1943,2002,Male,100,15,10.0,4,6,463.16971778350927,17/03/2023,03:11:59,radial_basis
sweden,1943,2002,Male,100,15,10.0,4,7,488.6425276276431,17/03/2023,03:11:59,radial_basis
sweden,1943,2002,Male,100,15,10.0,4,8,479.7600053613428,17/03/2023,03:11:59,radial_basis
sweden,1943,2002,Male,100,15,10.0,4,9,492.37558590485685,17/03/2023,03:11:59,radial_basis
sweden,1943,2002,Male,100,15,10.0,4,10,482.35719363506394,17/03/2023,03:11:59,radial_basis
sweden,1943,2002,Male,100,5,10.0,5,1,416.91838903671567,17/03/2023,03:55:32,radial_basis
sweden,1943,2002,Male,100,5,10.0,5,2,430.78549932478313,17/03/2023,03:55:32,radial_basis
sweden,1943,2002,Male,100,5,10.0,5,3,436.94153023529253,17/03/2023,03:55:32,radial_basis
sweden,1943,2002,Male,100,5,10.0,5,4,440.5978134362994,17/03/2023,03:55:32,radial_basis
sweden,1943,2002,Male,100,5,10.0,5,5,436.61528949101495,17/03/2023,03:55:32,radial_basis
sweden,1943,2002,Male,100,5,10.0,5,6,440.04825222208166,17/03/2023,03:55:32,radial_basis
sweden,1943,2002,Male,100,5,10.0,5,7,466.5336003448022,17/03/2023,03:55:32,radial_basis
sweden,1943,2002,Male,100,5,10.0,5,8,455.9415362928304,17/03/2023,03:55:32,radial_basis
sweden,1943,2002,Male,100,5,10.0,5,9,464.9969210803112,17/03/2023,03:55:32,radial_basis
sweden,1943,2002,Male,100,5,10.0,5,10,461.4410203351464,17/03/2023,03:55:32,radial_basis
sweden,1942,2001,Male,100,10,10.0,5,1,421.2801306304673,17/03/2023,04:18:37,radial_basis
sweden,1942,2001,Male,100,10,10.0,5,2,412.11330142615566,17/03/2023,04:18:37,radial_basis
sweden,1942,2001,Male,100,10,10.0,5,3,449.42872881045065,17/03/2023,04:18:37,radial_basis
sweden,1942,2001,Male,100,10,10.0,5,4,453.96302045092665,17/03/2023,04:18:37,radial_basis
sweden,1942,2001,Male,100,10,10.0,5,5,461.48084799162217,17/03/2023,04:18:37,radial_basis
sweden,1942,2001,Male,100,10,10.0,5,6,473.55202654828065,17/03/2023,04:18:37,radial_basis
sweden,1942,2001,Male,100,10,10.0,5,7,483.72381792911085,17/03/2023,04:18:37,radial_basis
sweden,1942,2001,Male,100,10,10.0,5,8,517.6722188747827,17/03/2023,04:18:37,radial_basis
sweden,1942,2001,Male,100,10,10.0,5,9,502.52094346165546,17/03/2023,04:18:37,radial_basis
sweden,1942,2001,Male,100,10,10.0,5,10,525.186943681369,17/03/2023,04:18:37,radial_basis
sweden,1943,2002,Male,100,15,10.0,3,1,403.92912564624305,17/03/2023,04:42:06,radial_basis
sweden,1943,2002,Male,100,15,10.0,3,2,445.7017792139195,17/03/2023,04:42:06,radial_basis
sweden,1943,2002,Male,100,15,10.0,3,3,440.5715978294447,17/03/2023,04:42:06,radial_basis
sweden,1943,2002,Male,100,15,10.0,3,4,450.78934845750314,17/03/2023,04:42:06,radial_basis
sweden,1943,2002,Male,100,15,10.0,3,5,462.7310170548639,17/03/2023,04:42:06,radial_basis
sweden,1943,2002,Male,100,15,10.0,3,6,474.2921238007292,17/03/2023,04:42:06,radial_basis
sweden,1943,2002,Male,100,15,10.0,3,7,499.98118948460495,17/03/2023,04:42:06,radial_basis
sweden,1943,2002,Male,100,15,10.0,3,8,494.83085637249576,17/03/2023,04:42:06,radial_basis
sweden,1943,2002,Male,100,15,10.0,3,9,512.5240674968212,17/03/2023,04:42:06,radial_basis
sweden,1943,2002,Male,100,15,10.0,3,10,510.6639246819908,17/03/2023,04:42:06,radial_basis
sweden,1943,2002,Male,100,10,10.0,5,1,405.02567608940313,17/03/2023,07:24:20,radial_basis
sweden,1943,2002,Male,100,10,10.0,5,2,430.4770654938011,17/03/2023,07:24:20,radial_basis
sweden,1943,2002,Male,100,10,10.0,5,3,430.85933914587883,17/03/2023,07:24:20,radial_basis
sweden,1943,2002,Male,100,10,10.0,5,4,433.22060967624896,17/03/2023,07:24:20,radial_basis
sweden,1943,2002,Male,100,10,10.0,5,5,444.9662067282796,17/03/2023,07:24:20,radial_basis
sweden,1943,2002,Male,100,10,10.0,5,6,452.1427064558785,17/03/2023,07:24:20,radial_basis
sweden,1943,2002,Male,100,10,10.0,5,7,471.9800289446012,17/03/2023,07:24:20,radial_basis
sweden,1943,2002,Male,100,10,10.0,5,8,462.52900658747484,17/03/2023,07:24:20,radial_basis
sweden,1943,2002,Male,100,10,10.0,5,9,471.4292052937764,17/03/2023,07:24:20,radial_basis
sweden,1943,2002,Male,100,10,10.0,5,10,475.1759183502599,17/03/2023,07:24:20,radial_basis
