country,first_year_train,last_year_train,sex,max_age,forecast_horizon,log_score,date,time,model
sweden,1931,1990,Male,100,1,-541.3817944102152,02/12/2023,16:12:33,LC
sweden,1931,1990,Male,100,2,-545.6960750917966,02/12/2023,16:12:33,LC
sweden,1931,1990,Male,100,3,-566.2493222400926,02/12/2023,16:12:33,LC
sweden,1931,1990,Male,100,4,-684.0864411503223,02/12/2023,16:12:33,LC
sweden,1931,1990,Male,100,5,-645.7236116773964,02/12/2023,16:12:33,LC
sweden,1931,1990,Male,100,6,-694.8245175618699,02/12/2023,16:12:33,LC
sweden,1931,1990,Male,100,7,-720.0194535723411,02/12/2023,16:12:33,LC
sweden,1931,1990,Male,100,8,-748.7859992856348,02/12/2023,16:12:33,LC
sweden,1931,1990,Male,100,9,-787.76318031326025,02/12/2023,16:12:33,LC
sweden,1931,1990,Male,100,10,-894.5355888160378,02/12/2023,16:12:33,LC
sweden,1932,1991,Male,100,1,-533.7712558997702,02/13/2023,16:13:37,LC
sweden,1932,1991,Male,100,2,-552.213994741265,02/13/2023,16:13:37,LC
sweden,1932,1991,Male,100,3,-668.8731845730489,02/13/2023,16:13:37,LC
sweden,1932,1991,Male,100,4,-627.3629617787113,02/13/2023,16:13:37,LC
sweden,1932,1991,Male,100,5,-670.7551282206118,02/13/2023,16:13:37,LC
sweden,1932,1991,Male,100,6,-694.5630785828275,02/13/2023,16:13:37,LC
sweden,1932,1991,Male,100,7,-723.7837369282013,02/13/2023,16:13:37,LC
sweden,1932,1991,Male,100,8,-774.5585664525298,02/13/2023,16:13:37,LC
sweden,1932,1991,Male,100,9,-892.2509011664911,02/13/2023,16:13:37,LC
sweden,1932,1991,Male,100,10,-975.9366239518297,02/13/2023,16:13:37,LC
sweden,1933,1992,Male,100,1,-542.2899715606654,02/14/2023,16:14:41,LC
sweden,1933,1992,Male,100,2,-616.3476497248203,02/14/2023,16:14:41,LC
sweden,1933,1992,Male,100,3,-576.7007884640175,02/14/2023,16:14:41,LC
sweden,1933,1992,Male,100,4,-614.0086673074759,02/14/2023,16:14:41,LC
sweden,1933,1992,Male,100,5,-633.8082380998393,02/14/2023,16:14:41,LC
sweden,1933,1992,Male,100,6,-658.5613004752854,02/14/2023,16:14:41,LC
sweden,1933,1992,Male,100,7,-696.3853602813058,02/14/2023,16:14:41,LC
sweden,1933,1992,Male,100,8,-790.3637731612287,02/14/2023,16:14:41,LC
sweden,1933,1992,Male,100,9,-853.2055295420286,02/14/2023,16:14:41,LC
sweden,1933,1992,Male,100,10,-852.0224701934172,02/14/2023,16:14:41,LC
sweden,1934,1993,Male,100,1,-614.3371718539362,02/15/2023,16:15:46,LC
sweden,1934,1993,Male,100,2,-567.158528092573,02/15/2023,16:15:46,LC
sweden,1934,1993,Male,100,3,-599.8347961747096,02/15/2023,16:15:46,LC
sweden,1934,1993,Male,100,4,-618.8674973361271,02/15/2023,16:15:46,LC
sweden,1934,1993,Male,100,5,-643.7944766499494,02/15/2023,16:15:46,LC
sweden,1934,1993,Male,100,6,-674.9626659055174,02/15/2023,16:15:46,LC
sweden,1934,1993,Male,100,7,-767.5048559985588,02/15/2023,16:15:46,LC
sweden,1934,1993,Male,100,8,-817.5488420193238,02/15/2023,16:15:46,LC
sweden,1934,1993,Male,100,9,-812.1379338005087,02/15/2023,16:15:46,LC
sweden,1934,1993,Male,100,10,-812.8537528549773,02/15/2023,16:15:46,LC
sweden,1935,1994,Male,100,1,-533.7072552643401,02/16/2023,16:16:50,LC
sweden,1935,1994,Male,100,2,-536.2272955510944,02/16/2023,16:16:50,LC
sweden,1935,1994,Male,100,3,-544.0471918056951,02/16/2023,16:16:50,LC
sweden,1935,1994,Male,100,4,-566.3217339212921,02/16/2023,16:16:50,LC
sweden,1935,1994,Male,100,5,-589.6819093041532,02/16/2023,16:16:50,LC
sweden,1935,1994,Male,100,6,-654.1642596563001,02/16/2023,16:16:50,LC
sweden,1935,1994,Male,100,7,-690.2581608555315,02/16/2023,16:16:50,LC
sweden,1935,1994,Male,100,8,-679.788229023957,02/16/2023,16:16:50,LC
sweden,1935,1994,Male,100,9,-667.9204019215819,02/16/2023,16:16:50,LC
sweden,1935,1994,Male,100,10,-754.1766734216565,02/16/2023,16:16:50,LC
sweden,1936,1995,Male,100,1,-524.2550082668458,02/17/2023,16:17:54,LC
sweden,1936,1995,Male,100,2,-535.2159812276291,02/17/2023,16:17:54,LC
sweden,1936,1995,Male,100,3,-554.8966290232137,02/17/2023,16:17:54,LC
sweden,1936,1995,Male,100,4,-573.882903492273,02/17/2023,16:17:54,LC
sweden,1936,1995,Male,100,5,-637.731143008517,02/17/2023,16:17:54,LC
sweden,1936,1995,Male,100,6,-669.1394294890276,02/17/2023,16:17:54,LC
sweden,1936,1995,Male,100,7,-664.4590983249152,02/17/2023,16:17:54,LC
sweden,1936,1995,Male,100,8,-645.93385261826,02/17/2023,16:17:54,LC
sweden,1936,1995,Male,100,9,-736.6127651066673,02/17/2023,16:17:54,LC
sweden,1936,1995,Male,100,10,-718.5841083212244,02/17/2023,16:17:54,LC
sweden,1937,1996,Male,100,1,-520.7933329291295,02/18/2023,16:18:58,LC
sweden,1937,1996,Male,100,2,-536.6611971711807,02/18/2023,16:18:58,LC
sweden,1937,1996,Male,100,3,-551.5265976420144,02/18/2023,16:18:58,LC
sweden,1937,1996,Male,100,4,-609.5018295528963,02/18/2023,16:18:58,LC
sweden,1937,1996,Male,100,5,-637.3950420828,02/18/2023,16:18:58,LC
sweden,1937,1996,Male,100,6,-634.659996146441,02/18/2023,16:18:58,LC
sweden,1937,1996,Male,100,7,-614.3290483051776,02/18/2023,16:18:58,LC
sweden,1937,1996,Male,100,8,-683.4223078858345,02/18/2023,16:18:58,LC
sweden,1937,1996,Male,100,9,-676.6599622922002,02/18/2023,16:18:58,LC
sweden,1937,1996,Male,100,10,-708.994262680272,02/18/2023,16:18:58,LC
sweden,1938,1997,Male,100,1,-527.2836889053816,02/20/2023,16:20:02,LC
sweden,1938,1997,Male,100,2,-538.3822962972176,02/20/2023,16:20:02,LC
sweden,1938,1997,Male,100,3,-594.5135918504503,02/20/2023,16:20:02,LC
sweden,1938,1997,Male,100,4,-611.041050972762,02/20/2023,16:20:02,LC
sweden,1938,1997,Male,100,5,-614.8673786043986,02/20/2023,16:20:02,LC
sweden,1938,1997,Male,100,6,-589.8209151117476,02/20/2023,16:20:02,LC
sweden,1938,1997,Male,100,7,-656.8855286049608,02/20/2023,16:20:02,LC
sweden,1938,1997,Male,100,8,-651.5704984608911,02/20/2023,16:20:02,LC
sweden,1938,1997,Male,100,9,-666.8099407914077,02/20/2023,16:20:02,LC
sweden,1938,1997,Male,100,10,-715.3049177537545,02/20/2023,16:20:02,LC
sweden,1939,1998,Male,100,1,-529.5932825698659,02/21/2023,16:21:06,LC
sweden,1939,1998,Male,100,2,-581.7487915704701,02/21/2023,16:21:06,LC
sweden,1939,1998,Male,100,3,-599.5035598032406,02/21/2023,16:21:06,LC
sweden,1939,1998,Male,100,4,-602.6933099671804,02/21/2023,16:21:06,LC
sweden,1939,1998,Male,100,5,-575.2991627137501,02/21/2023,16:21:06,LC
sweden,1939,1998,Male,100,6,-633.011818288708,02/21/2023,16:21:06,LC
sweden,1939,1998,Male,100,7,-628.6224289113841,02/21/2023,16:21:06,LC
sweden,1939,1998,Male,100,8,-642.4414187812276,02/21/2023,16:21:06,LC
sweden,1939,1998,Male,100,9,-681.734289207888,02/21/2023,16:21:06,LC
sweden,1939,1998,Male,100,10,-682.9047480751304,02/21/2023,16:21:06,LC
sweden,1940,1999,Male,100,1,-569.470322590596,02/22/2023,16:22:10,LC
sweden,1940,1999,Male,100,2,-584.4688180549188,02/22/2023,16:22:10,LC
sweden,1940,1999,Male,100,3,-586.9533985689849,02/22/2023,16:22:10,LC
sweden,1940,1999,Male,100,4,-559.057175214987,02/22/2023,16:22:10,LC
sweden,1940,1999,Male,100,5,-619.9591117115118,02/22/2023,16:22:10,LC
sweden,1940,1999,Male,100,6,-613.5898666718954,02/22/2023,16:22:10,LC
sweden,1940,1999,Male,100,7,-626.5727388863696,02/22/2023,16:22:10,LC
sweden,1940,1999,Male,100,8,-659.7852164937477,02/22/2023,16:22:10,LC
sweden,1940,1999,Male,100,9,-672.1942903737915,02/22/2023,16:22:10,LC
sweden,1940,1999,Male,100,10,-738.3436729228048,02/22/2023,16:22:10,LC
sweden,1941,2000,Male,100,1,-574.5859519882055,02/23/2023,16:23:16,LC
sweden,1941,2000,Male,100,2,-572.6008087736978,02/23/2023,16:23:16,LC
sweden,1941,2000,Male,100,3,-539.0451024419392,02/23/2023,16:23:16,LC
sweden,1941,2000,Male,100,4,-579.5848763516192,02/23/2023,16:23:16,LC
sweden,1941,2000,Male,100,5,-583.090399830608,02/23/2023,16:23:16,LC
sweden,1941,2000,Male,100,6,-589.3104887114545,02/23/2023,16:23:16,LC
sweden,1941,2000,Male,100,7,-613.7307667251881,02/23/2023,16:23:16,LC
sweden,1941,2000,Male,100,8,-624.8362830208165,02/23/2023,16:23:16,LC
sweden,1941,2000,Male,100,9,-689.5745670703042,02/23/2023,16:23:16,LC
sweden,1941,2000,Male,100,10,-644.928557241763,02/23/2023,16:23:16,LC
sweden,1942,2001,Male,100,1,-568.3666897867288,02/24/2023,16:24:21,LC
sweden,1942,2001,Male,100,2,-533.400101469449,02/24/2023,16:24:21,LC
sweden,1942,2001,Male,100,3,-562.922528850692,02/24/2023,16:24:21,LC
sweden,1942,2001,Male,100,4,-569.9551587935179,02/24/2023,16:24:21,LC
sweden,1942,2001,Male,100,5,-574.7759761513896,02/24/2023,16:24:21,LC
sweden,1942,2001,Male,100,6,-598.76865665782,02/24/2023,16:24:21,LC
sweden,1942,2001,Male,100,7,-609.1596805286143,02/24/2023,16:24:21,LC
sweden,1942,2001,Male,100,8,-680.587544909616,02/24/2023,16:24:21,LC
sweden,1942,2001,Male,100,9,-631.2591230690557,02/24/2023,16:24:21,LC
sweden,1942,2001,Male,100,10,-658.8853238882705,02/24/2023,16:24:21,LC
sweden,1943,2002,Male,100,1,-517.269452667189,02/25/2023,16:25:27,LC
sweden,1943,2002,Male,100,2,-547.4203773385326,02/25/2023,16:25:27,LC
sweden,1943,2002,Male,100,3,-550.693813264748,02/25/2023,16:25:27,LC
sweden,1943,2002,Male,100,4,-555.5880199482397,02/25/2023,16:25:27,LC
sweden,1943,2002,Male,100,5,-571.7760109516937,02/25/2023,16:25:27,LC
sweden,1943,2002,Male,100,6,-583.695691091618,02/25/2023,16:25:27,LC
sweden,1943,2002,Male,100,7,-658.5595089196702,02/25/2023,16:25:27,LC
sweden,1943,2002,Male,100,8,-610.0263690948715,02/25/2023,16:25:27,LC
sweden,1943,2002,Male,100,9,-630.0243342825897,02/25/2023,16:25:27,LC
sweden,1943,2002,Male,100,10,-648.481821720367,02/25/2023,16:25:27,LC
sweden,1944,2003,Male,100,1,-526.687430253653,02/26/2023,16:26:32,LC
sweden,1944,2003,Male,100,2,-528.049290787795,02/26/2023,16:26:32,LC
sweden,1944,2003,Male,100,3,-531.7281551260661,02/26/2023,16:26:32,LC
sweden,1944,2003,Male,100,4,-549.0695262963532,02/26/2023,16:26:32,LC
sweden,1944,2003,Male,100,5,-556.5073345412384,02/26/2023,16:26:32,LC
sweden,1944,2003,Male,100,6,-630.5347399117948,02/26/2023,16:26:32,LC
sweden,1944,2003,Male,100,7,-575.2865819194573,02/26/2023,16:26:32,LC
sweden,1944,2003,Male,100,8,-594.205622847552,02/26/2023,16:26:32,LC
sweden,1944,2003,Male,100,9,-611.5117056138374,02/26/2023,16:26:32,LC
sweden,1944,2003,Male,100,10,-637.4420639940906,02/26/2023,16:26:32,LC
sweden,1945,2004,Male,100,1,-514.200623434741,02/27/2023,16:27:37,LC
sweden,1945,2004,Male,100,2,-502.83658141979765,02/27/2023,16:27:37,LC
sweden,1945,2004,Male,100,3,-496.8494968929694,02/27/2023,16:27:37,LC
sweden,1945,2004,Male,100,4,-501.68665588657984,02/27/2023,16:27:37,LC
sweden,1945,2004,Male,100,5,-568.4113873428302,02/27/2023,16:27:37,LC
sweden,1945,2004,Male,100,6,-514.4935989706981,02/27/2023,16:27:37,LC
sweden,1945,2004,Male,100,7,-524.8658765077848,02/27/2023,16:27:37,LC
sweden,1945,2004,Male,100,8,-550.8413263643201,02/27/2023,16:27:37,LC
sweden,1945,2004,Male,100,9,-566.3454602190706,02/27/2023,16:27:37,LC
sweden,1945,2004,Male,100,10,-573.6132414198672,02/27/2023,16:27:37,LC
sweden,1946,2005,Male,100,1,-480.91655187914546,02/28/2023,16:28:42,LC
sweden,1946,2005,Male,100,2,-474.95499853395665,02/28/2023,16:28:42,LC
sweden,1946,2005,Male,100,3,-479.5799786058744,02/28/2023,16:28:42,LC
sweden,1946,2005,Male,100,4,-543.452317414836,02/28/2023,16:28:42,LC
sweden,1946,2005,Male,100,5,-498.4201868031371,02/28/2023,16:28:42,LC
sweden,1946,2005,Male,100,6,-511.1077902018751,02/28/2023,16:28:42,LC
sweden,1946,2005,Male,100,7,-530.4925337099804,02/28/2023,16:28:42,LC
sweden,1946,2005,Male,100,8,-544.6510257260219,02/28/2023,16:28:42,LC
sweden,1946,2005,Male,100,9,-564.5931252767491,02/28/2023,16:28:42,LC
sweden,1946,2005,Male,100,10,-574.405953590597,02/28/2023,16:28:42,LC
sweden,1947,2006,Male,100,1,-461.07918860568367,02/29/2023,16:29:47,LC
sweden,1947,2006,Male,100,2,-460.0881125920812,02/29/2023,16:29:47,LC
sweden,1947,2006,Male,100,3,-521.1844839116661,02/29/2023,16:29:47,LC
sweden,1947,2006,Male,100,4,-472.4060997227741,02/29/2023,16:29:47,LC
sweden,1947,2006,Male,100,5,-482.5380089479807,02/29/2023,16:29:47,LC
sweden,1947,2006,Male,100,6,-500.07103549884204,02/29/2023,16:29:47,LC
sweden,1947,2006,Male,100,7,-513.4087010461903,02/29/2023,16:29:47,LC
sweden,1947,2006,Male,100,8,-526.5631796617018,02/29/2023,16:29:47,LC
sweden,1947,2006,Male,100,9,-541.8023391813373,02/29/2023,16:29:47,LC
sweden,1947,2006,Male,100,10,-538.0645104970357,02/29/2023,16:29:47,LC
sweden,1948,2007,Male,100,1,-452.095251875997,02/30/2023,16:30:53,LC
sweden,1948,2007,Male,100,2,-510.1741950935153,02/30/2023,16:30:53,LC
sweden,1948,2007,Male,100,3,-460.76709533013684,02/30/2023,16:30:53,LC
sweden,1948,2007,Male,100,4,-467.98783829394733,02/30/2023,16:30:53,LC
sweden,1948,2007,Male,100,5,-493.0941094217486,02/30/2023,16:30:53,LC
sweden,1948,2007,Male,100,6,-504.80838548188177,02/30/2023,16:30:53,LC
sweden,1948,2007,Male,100,7,-514.0537185764258,02/30/2023,16:30:53,LC
sweden,1948,2007,Male,100,8,-530.7764316802841,02/30/2023,16:30:53,LC
sweden,1948,2007,Male,100,9,-533.1504294901672,02/30/2023,16:30:53,LC
sweden,1948,2007,Male,100,10,-562.1907336790007,02/30/2023,16:30:53,LC
sweden,1949,2008,Male,100,1,-501.54112471038195,02/31/2023,16:31:57,LC
sweden,1949,2008,Male,100,2,-452.4838864223061,02/31/2023,16:31:57,LC
sweden,1949,2008,Male,100,3,-457.4059557540924,02/31/2023,16:31:57,LC
sweden,1949,2008,Male,100,4,-479.4937763522228,02/31/2023,16:31:57,LC
sweden,1949,2008,Male,100,5,-491.2658746050071,02/31/2023,16:31:57,LC
sweden,1949,2008,Male,100,6,-498.291090297066,02/31/2023,16:31:57,LC
sweden,1949,2008,Male,100,7,-514.9247606532704,02/31/2023,16:31:57,LC
sweden,1949,2008,Male,100,8,-519.5532399755764,02/31/2023,16:31:57,LC
sweden,1949,2008,Male,100,9,-543.939316606182,02/31/2023,16:31:57,LC
sweden,1949,2008,Male,100,10,-517.6190828133097,02/31/2023,16:31:57,LC
sweden,1950,2009,Male,100,1,-446.3858087652091,02/33/2023,16:33:02,LC
sweden,1950,2009,Male,100,2,-442.3776567437067,02/33/2023,16:33:02,LC
sweden,1950,2009,Male,100,3,-470.35588684249933,02/33/2023,16:33:02,LC
sweden,1950,2009,Male,100,4,-474.7549434935285,02/33/2023,16:33:02,LC
sweden,1950,2009,Male,100,5,-478.09141419685244,02/33/2023,16:33:02,LC
sweden,1950,2009,Male,100,6,-498.0077356112233,02/33/2023,16:33:02,LC
sweden,1950,2009,Male,100,7,-506.4497409198746,02/33/2023,16:33:02,LC
sweden,1950,2009,Male,100,8,-521.7387660834129,02/33/2023,16:33:02,LC
sweden,1950,2009,Male,100,9,-498.3015672121701,02/33/2023,16:33:02,LC
sweden,1950,2009,Male,100,10,-535.2935652304111,02/33/2023,16:33:02,LC
sweden,1951,2010,Male,100,1,-437.60757456518274,02/34/2023,16:34:07,LC
sweden,1951,2010,Male,100,2,-462.25158829201706,02/34/2023,16:34:07,LC
sweden,1951,2010,Male,100,3,-466.02312900284403,02/34/2023,16:34:07,LC
sweden,1951,2010,Male,100,4,-475.6721486943756,02/34/2023,16:34:07,LC
sweden,1951,2010,Male,100,5,-488.9736587342598,02/34/2023,16:34:07,LC
sweden,1951,2010,Male,100,6,-503.1023289358765,02/34/2023,16:34:07,LC
sweden,1951,2010,Male,100,7,-517.5053538912099,02/34/2023,16:34:07,LC
sweden,1951,2010,Male,100,8,-489.39885968447055,02/34/2023,16:34:07,LC
sweden,1951,2010,Male,100,9,-531.3870565015153,02/34/2023,16:34:07,LC
sweden,1951,2010,Male,100,10,-484.97782149558986,02/34/2023,16:34:07,LC
sweden,1952,2011,Male,100,1,-460.9682733031077,02/35/2023,16:35:12,LC
sweden,1952,2011,Male,100,2,-460.0065376287401,02/35/2023,16:35:12,LC
sweden,1952,2011,Male,100,3,-462.5496586784434,02/35/2023,16:35:12,LC
sweden,1952,2011,Male,100,4,-475.04961883634655,02/35/2023,16:35:12,LC
sweden,1952,2011,Male,100,5,-492.77988781700043,02/35/2023,16:35:12,LC
sweden,1952,2011,Male,100,6,-505.44948520349686,02/35/2023,16:35:12,LC
sweden,1952,2011,Male,100,7,-478.7316540642101,02/35/2023,16:35:12,LC
sweden,1952,2011,Male,100,8,-518.3211900992893,02/35/2023,16:35:12,LC
sweden,1952,2011,Male,100,9,-488.63626314915547,02/35/2023,16:35:12,LC
sweden,1952,2011,Male,100,10,-486.0265504397784,02/35/2023,16:35:12,LC
sweden,1931,1990,Male,100,1,-426.0368080618507,02/08/2023,17:08:48,PLAT
sweden,1931,1990,Male,100,2,-421.7151610867832,02/08/2023,17:08:48,PLAT
sweden,1931,1990,Male,100,3,-429.1946691477062,02/08/2023,17:08:48,PLAT
sweden,1931,1990,Male,100,4,-450.26847313239574,02/08/2023,17:08:48,PLAT
sweden,1931,1990,Male,100,5,-454.63844836235745,02/08/2023,17:08:48,PLAT
sweden,1931,1990,Male,100,6,-470.7028869795444,02/08/2023,17:08:48,PLAT
sweden,1931,1990,Male,100,7,-481.8439221389088,02/08/2023,17:08:48,PLAT
sweden,1931,1990,Male,100,8,-492.82465381938664,02/08/2023,17:08:48,PLAT
sweden,1931,1990,Male,100,9,-489.4309984611919,02/08/2023,17:08:48,PLAT
sweden,1931,1990,Male,100,10,-529.3192080969146,02/08/2023,17:08:48,PLAT
sweden,1932,1991,Male,100,1,-414.8186002756825,02/10/2023,17:10:16,PLAT
sweden,1932,1991,Male,100,2,-425.4763874088171,02/10/2023,17:10:16,PLAT
sweden,1932,1991,Male,100,3,-450.4377108857959,02/10/2023,17:10:16,PLAT
sweden,1932,1991,Male,100,4,-453.8554259701249,02/10/2023,17:10:16,PLAT
sweden,1932,1991,Male,100,5,-472.5728481971392,02/10/2023,17:10:16,PLAT
sweden,1932,1991,Male,100,6,-485.05297687393727,02/10/2023,17:10:16,PLAT
sweden,1932,1991,Male,100,7,-498.6310932752423,02/10/2023,17:10:16,PLAT
sweden,1932,1991,Male,100,8,-495.02679016464384,02/10/2023,17:10:16,PLAT
sweden,1932,1991,Male,100,9,-538.0203078751564,02/10/2023,17:10:16,PLAT
sweden,1932,1991,Male,100,10,-531.7413143153623,02/10/2023,17:10:16,PLAT
sweden,1933,1992,Male,100,1,-411.7353173429122,02/11/2023,17:11:44,PLAT
sweden,1933,1992,Male,100,2,-432.777588847003,02/11/2023,17:11:44,PLAT
sweden,1933,1992,Male,100,3,-432.7384320329509,02/11/2023,17:11:44,PLAT
sweden,1933,1992,Male,100,4,-447.4852507738544,02/11/2023,17:11:44,PLAT
sweden,1933,1992,Male,100,5,-461.91000617638673,02/11/2023,17:11:44,PLAT
sweden,1933,1992,Male,100,6,-479.5933123160257,02/11/2023,17:11:44,PLAT
sweden,1933,1992,Male,100,7,-476.36520926691134,02/11/2023,17:11:44,PLAT
sweden,1933,1992,Male,100,8,-521.0273786047138,02/11/2023,17:11:44,PLAT
sweden,1933,1992,Male,100,9,-517.1212538492504,02/11/2023,17:11:44,PLAT
sweden,1933,1992,Male,100,10,-538.1668693457715,02/11/2023,17:11:44,PLAT
sweden,1934,1993,Male,100,1,-440.49716170378997,02/13/2023,17:13:11,PLAT
sweden,1934,1993,Male,100,2,-432.303548145292,02/13/2023,17:13:11,PLAT
sweden,1934,1993,Male,100,3,-443.46182119192713,02/13/2023,17:13:11,PLAT
sweden,1934,1993,Male,100,4,-457.30607062053764,02/13/2023,17:13:11,PLAT
sweden,1934,1993,Male,100,5,-468.0064363273416,02/13/2023,17:13:11,PLAT
sweden,1934,1993,Male,100,6,-466.6974323420967,02/13/2023,17:13:11,PLAT
sweden,1934,1993,Male,100,7,-509.8798561273814,02/13/2023,17:13:11,PLAT
sweden,1934,1993,Male,100,8,-506.70437185207624,02/13/2023,17:13:11,PLAT
sweden,1934,1993,Male,100,9,-523.797203839211,02/13/2023,17:13:11,PLAT
sweden,1934,1993,Male,100,10,-503.00658460825537,02/13/2023,17:13:11,PLAT
sweden,1935,1994,Male,100,1,-420.6953123219599,02/14/2023,17:14:39,PLAT
sweden,1935,1994,Male,100,2,-429.5785422214842,02/14/2023,17:14:39,PLAT
sweden,1935,1994,Male,100,3,-442.70122736303387,02/14/2023,17:14:39,PLAT
sweden,1935,1994,Male,100,4,-455.8548242978464,02/14/2023,17:14:39,PLAT
sweden,1935,1994,Male,100,5,-452.8616796805629,02/14/2023,17:14:39,PLAT
sweden,1935,1994,Male,100,6,-495.44392356804724,02/14/2023,17:14:39,PLAT
sweden,1935,1994,Male,100,7,-491.8658200887168,02/14/2023,17:14:39,PLAT
sweden,1935,1994,Male,100,8,-511.9921506917429,02/14/2023,17:14:39,PLAT
sweden,1935,1994,Male,100,9,-487.49541481580576,02/14/2023,17:14:39,PLAT
sweden,1935,1994,Male,100,10,-526.805663539198,02/14/2023,17:14:39,PLAT
sweden,1936,1995,Male,100,1,-414.2586848495673,02/16/2023,17:16:08,PLAT
sweden,1936,1995,Male,100,2,-432.1794789313375,02/16/2023,17:16:08,PLAT
sweden,1936,1995,Male,100,3,-447.9793324681128,02/16/2023,17:16:08,PLAT
sweden,1936,1995,Male,100,4,-445.4739423018122,02/16/2023,17:16:08,PLAT
sweden,1936,1995,Male,100,5,-491.39818803815825,02/16/2023,17:16:08,PLAT
sweden,1936,1995,Male,100,6,-490.24604584857747,02/16/2023,17:16:08,PLAT
sweden,1936,1995,Male,100,7,-508.3426142060965,02/16/2023,17:16:08,PLAT
sweden,1936,1995,Male,100,8,-484.16985729210256,02/16/2023,17:16:08,PLAT
sweden,1936,1995,Male,100,9,-526.7855226335876,02/16/2023,17:16:08,PLAT
sweden,1936,1995,Male,100,10,-518.951743960684,02/16/2023,17:16:08,PLAT
sweden,1937,1996,Male,100,1,-421.1731571732816,02/17/2023,17:17:36,PLAT
sweden,1937,1996,Male,100,2,-433.192517134073,02/17/2023,17:17:36,PLAT
sweden,1937,1996,Male,100,3,-431.8664956159512,02/17/2023,17:17:36,PLAT
sweden,1937,1996,Male,100,4,-475.99345679386965,02/17/2023,17:17:36,PLAT
sweden,1937,1996,Male,100,5,-478.40713822809124,02/17/2023,17:17:36,PLAT
sweden,1937,1996,Male,100,6,-493.38924399194894,02/17/2023,17:17:36,PLAT
sweden,1937,1996,Male,100,7,-469.4459241458863,02/17/2023,17:17:36,PLAT
sweden,1937,1996,Male,100,8,-511.84076477751194,02/17/2023,17:17:36,PLAT
sweden,1937,1996,Male,100,9,-504.51891566561414,02/17/2023,17:17:36,PLAT
sweden,1937,1996,Male,100,10,-513.0748298120401,02/17/2023,17:17:36,PLAT
sweden,1938,1997,Male,100,1,-422.3795564263807,02/19/2023,17:19:04,PLAT
sweden,1938,1997,Male,100,2,-422.43841225336246,02/19/2023,17:19:04,PLAT
sweden,1938,1997,Male,100,3,-467.51086687857475,02/19/2023,17:19:04,PLAT
sweden,1938,1997,Male,100,4,-469.20466702635855,02/19/2023,17:19:04,PLAT
sweden,1938,1997,Male,100,5,-485.27471304400814,02/19/2023,17:19:04,PLAT
sweden,1938,1997,Male,100,6,-461.0353872178825,02/19/2023,17:19:04,PLAT
sweden,1938,1997,Male,100,7,-504.0229618454343,02/19/2023,17:19:04,PLAT
sweden,1938,1997,Male,100,8,-494.8174804560183,02/19/2023,17:19:04,PLAT
sweden,1938,1997,Male,100,9,-504.1085030881075,02/19/2023,17:19:04,PLAT
sweden,1938,1997,Male,100,10,-522.3561537520602,02/19/2023,17:19:04,PLAT
sweden,1939,1998,Male,100,1,-410.48058195234114,02/20/2023,17:20:33,PLAT
sweden,1939,1998,Male,100,2,-450.83572830172386,02/20/2023,17:20:33,PLAT
sweden,1939,1998,Male,100,3,-453.86407883794743,02/20/2023,17:20:33,PLAT
sweden,1939,1998,Male,100,4,-466.843345269313,02/20/2023,17:20:33,PLAT
sweden,1939,1998,Male,100,5,-443.612448404666,02/20/2023,17:20:33,PLAT
sweden,1939,1998,Male,100,6,-487.9887512736897,02/20/2023,17:20:33,PLAT
sweden,1939,1998,Male,100,7,-476.0935375014613,02/20/2023,17:20:33,PLAT
sweden,1939,1998,Male,100,8,-484.4288635122337,02/20/2023,17:20:33,PLAT
sweden,1939,1998,Male,100,9,-502.86628910904795,02/20/2023,17:20:33,PLAT
sweden,1939,1998,Male,100,10,-516.6536293477598,02/20/2023,17:20:33,PLAT
sweden,1940,1999,Male,100,1,-442.3089899606806,02/22/2023,17:22:01,PLAT
sweden,1940,1999,Male,100,2,-447.4656990819804,02/22/2023,17:22:01,PLAT
sweden,1940,1999,Male,100,3,-459.62435706543044,02/22/2023,17:22:01,PLAT
sweden,1940,1999,Male,100,4,-436.46630635784,02/22/2023,17:22:01,PLAT
sweden,1940,1999,Male,100,5,-482.0460729768263,02/22/2023,17:22:01,PLAT
sweden,1940,1999,Male,100,6,-469.3775774000649,02/22/2023,17:22:01,PLAT
sweden,1940,1999,Male,100,7,-477.1958520091059,02/22/2023,17:22:01,PLAT
sweden,1940,1999,Male,100,8,-495.06926300754736,02/22/2023,17:22:01,PLAT
sweden,1940,1999,Male,100,9,-509.13570864141815,02/22/2023,17:22:01,PLAT
sweden,1940,1999,Male,100,10,-516.659483455787,02/22/2023,17:22:01,PLAT
sweden,1941,2000,Male,100,1,-435.9229097895402,02/23/2023,17:23:29,PLAT
sweden,1941,2000,Male,100,2,-446.9062855833104,02/23/2023,17:23:29,PLAT
sweden,1941,2000,Male,100,3,-422.2812664241939,02/23/2023,17:23:29,PLAT
sweden,1941,2000,Male,100,4,-464.82344539792985,02/23/2023,17:23:29,PLAT
sweden,1941,2000,Male,100,5,-453.666255209234,02/23/2023,17:23:29,PLAT
sweden,1941,2000,Male,100,6,-460.31803361081876,02/23/2023,17:23:29,PLAT
sweden,1941,2000,Male,100,7,-476.4308344659786,02/23/2023,17:23:29,PLAT
sweden,1941,2000,Male,100,8,-489.8240603185621,02/23/2023,17:23:29,PLAT
sweden,1941,2000,Male,100,9,-496.53792658073303,02/23/2023,17:23:29,PLAT
sweden,1941,2000,Male,100,10,-499.52773703252564,02/23/2023,17:23:29,PLAT
sweden,1942,2001,Male,100,1,-441.07901535731156,02/24/2023,17:24:56,PLAT
sweden,1942,2001,Male,100,2,-413.9288491897232,02/24/2023,17:24:56,PLAT
sweden,1942,2001,Male,100,3,-459.85121094636963,02/24/2023,17:24:56,PLAT
sweden,1942,2001,Male,100,4,-450.31597100392645,02/24/2023,17:24:56,PLAT
sweden,1942,2001,Male,100,5,-458.32373209191496,02/24/2023,17:24:56,PLAT
sweden,1942,2001,Male,100,6,-476.1564503635472,02/24/2023,17:24:56,PLAT
sweden,1942,2001,Male,100,7,-490.1833265754681,02/24/2023,17:24:56,PLAT
sweden,1942,2001,Male,100,8,-501.96363770119257,02/24/2023,17:24:56,PLAT
sweden,1942,2001,Male,100,9,-505.67401644919653,02/24/2023,17:24:56,PLAT
sweden,1942,2001,Male,100,10,-511.73573784399,02/24/2023,17:24:56,PLAT
sweden,1943,2002,Male,100,1,-408.0236801371532,02/26/2023,17:26:25,PLAT
sweden,1943,2002,Male,100,2,-460.612819159553,02/26/2023,17:26:25,PLAT
sweden,1943,2002,Male,100,3,-445.15093453056465,02/26/2023,17:26:25,PLAT
sweden,1943,2002,Male,100,4,-454.8873270603539,02/26/2023,17:26:25,PLAT
sweden,1943,2002,Male,100,5,-472.57300909907286,02/26/2023,17:26:25,PLAT
sweden,1943,2002,Male,100,6,-486.69338763343666,02/26/2023,17:26:25,PLAT
sweden,1943,2002,Male,100,7,-498.3364065693628,02/26/2023,17:26:25,PLAT
sweden,1943,2002,Male,100,8,-501.0547367293436,02/26/2023,17:26:25,PLAT
sweden,1943,2002,Male,100,9,-508.0583892022854,02/26/2023,17:26:25,PLAT
sweden,1943,2002,Male,100,10,-524.0641048891438,02/26/2023,17:26:25,PLAT
sweden,1944,2003,Male,100,1,-454.3559022618949,02/27/2023,17:27:52,PLAT
sweden,1944,2003,Male,100,2,-438.76508925100285,02/27/2023,17:27:52,PLAT
sweden,1944,2003,Male,100,3,-448.0397573126686,02/27/2023,17:27:52,PLAT
sweden,1944,2003,Male,100,4,-468.2565988743781,02/27/2023,17:27:52,PLAT
sweden,1944,2003,Male,100,5,-483.22350676971763,02/27/2023,17:27:52,PLAT
sweden,1944,2003,Male,100,6,-498.43060862300376,02/27/2023,17:27:52,PLAT
sweden,1944,2003,Male,100,7,-497.60523125133307,02/27/2023,17:27:52,PLAT
sweden,1944,2003,Male,100,8,-506.57184739015725,02/27/2023,17:27:52,PLAT
sweden,1944,2003,Male,100,9,-524.8720919741924,02/27/2023,17:27:52,PLAT
sweden,1944,2003,Male,100,10,-558.2215185519212,02/27/2023,17:27:52,PLAT
sweden,1945,2004,Male,100,1,-432.3678957892958,02/29/2023,17:29:21,PLAT
sweden,1945,2004,Male,100,2,-428.19798524230345,02/29/2023,17:29:21,PLAT
sweden,1945,2004,Male,100,3,-445.5998326922975,02/29/2023,17:29:21,PLAT
sweden,1945,2004,Male,100,4,-457.5913053152431,02/29/2023,17:29:21,PLAT
sweden,1945,2004,Male,100,5,-473.46306598575313,02/29/2023,17:29:21,PLAT
sweden,1945,2004,Male,100,6,-471.6665459650654,02/29/2023,17:29:21,PLAT
sweden,1945,2004,Male,100,7,-479.9553867631832,02/29/2023,17:29:21,PLAT
sweden,1945,2004,Male,100,8,-499.83826021172206,02/29/2023,17:29:21,PLAT
sweden,1945,2004,Male,100,9,-528.1876425990823,02/29/2023,17:29:21,PLAT
sweden,1945,2004,Male,100,10,-537.0034138322371,02/29/2023,17:29:21,PLAT
sweden,1946,2005,Male,100,1,-428.69286376260965,02/30/2023,17:30:48,PLAT
sweden,1946,2005,Male,100,2,-448.1024087094959,02/30/2023,17:30:48,PLAT
sweden,1946,2005,Male,100,3,-457.457065205554,02/30/2023,17:30:48,PLAT
sweden,1946,2005,Male,100,4,-474.6191464022239,02/30/2023,17:30:48,PLAT
sweden,1946,2005,Male,100,5,-472.4059680662969,02/30/2023,17:30:48,PLAT
sweden,1946,2005,Male,100,6,-482.69257310693104,02/30/2023,17:30:48,PLAT
sweden,1946,2005,Male,100,7,-500.67250157183867,02/30/2023,17:30:48,PLAT
sweden,1946,2005,Male,100,8,-531.2584032249313,02/30/2023,17:30:48,PLAT
sweden,1946,2005,Male,100,9,-543.8900393095095,02/30/2023,17:30:48,PLAT
sweden,1946,2005,Male,100,10,-564.0568480559102,02/30/2023,17:30:48,PLAT
sweden,1947,2006,Male,100,1,-435.93165675289646,02/32/2023,17:32:17,PLAT
sweden,1947,2006,Male,100,2,-441.53319929914267,02/32/2023,17:32:17,PLAT
sweden,1947,2006,Male,100,3,-459.4490039571344,02/32/2023,17:32:17,PLAT
sweden,1947,2006,Male,100,4,-452.0812072936069,02/32/2023,17:32:17,PLAT
sweden,1947,2006,Male,100,5,-462.662639446253,02/32/2023,17:32:17,PLAT
sweden,1947,2006,Male,100,6,-481.3485345353724,02/32/2023,17:32:17,PLAT
sweden,1947,2006,Male,100,7,-509.29181311524883,02/32/2023,17:32:17,PLAT
sweden,1947,2006,Male,100,8,-520.9842819491602,02/32/2023,17:32:17,PLAT
sweden,1947,2006,Male,100,9,-542.9804136571104,02/32/2023,17:32:17,PLAT
sweden,1947,2006,Male,100,10,-536.930971488682,02/32/2023,17:32:17,PLAT
sweden,1948,2007,Male,100,1,-435.35601080545126,02/33/2023,17:33:45,PLAT
sweden,1948,2007,Male,100,2,-447.76829535614814,02/33/2023,17:33:45,PLAT
sweden,1948,2007,Male,100,3,-441.43513161841474,02/33/2023,17:33:45,PLAT
sweden,1948,2007,Male,100,4,-453.93792363235855,02/33/2023,17:33:45,PLAT
sweden,1948,2007,Male,100,5,-470.49663422183613,02/33/2023,17:33:45,PLAT
sweden,1948,2007,Male,100,6,-499.567475498036,02/33/2023,17:33:45,PLAT
sweden,1948,2007,Male,100,7,-512.8641966634113,02/33/2023,17:33:45,PLAT
sweden,1948,2007,Male,100,8,-530.8298929679224,02/33/2023,17:33:45,PLAT
sweden,1948,2007,Male,100,9,-529.9310389222046,02/33/2023,17:33:45,PLAT
sweden,1948,2007,Male,100,10,-598.5893737794038,02/33/2023,17:33:45,PLAT
sweden,1949,2008,Male,100,1,-438.73134073315487,02/35/2023,17:35:13,PLAT
sweden,1949,2008,Male,100,2,-425.44128558588517,02/35/2023,17:35:13,PLAT
sweden,1949,2008,Male,100,3,-438.00338454935047,02/35/2023,17:35:13,PLAT
sweden,1949,2008,Male,100,4,-456.85028433222647,02/35/2023,17:35:13,PLAT
sweden,1949,2008,Male,100,5,-481.6855689139597,02/35/2023,17:35:13,PLAT
sweden,1949,2008,Male,100,6,-493.962866727378,02/35/2023,17:35:13,PLAT
sweden,1949,2008,Male,100,7,-512.3366522001563,02/35/2023,17:35:13,PLAT
sweden,1949,2008,Male,100,8,-513.4194535257616,02/35/2023,17:35:13,PLAT
sweden,1949,2008,Male,100,9,-578.9635246209062,02/35/2023,17:35:13,PLAT
sweden,1949,2008,Male,100,10,-554.4272259650826,02/35/2023,17:35:13,PLAT
sweden,1950,2009,Male,100,1,-416.7332502485535,02/36/2023,17:36:42,PLAT
sweden,1950,2009,Male,100,2,-424.90768322630504,02/36/2023,17:36:42,PLAT
sweden,1950,2009,Male,100,3,-436.2327948033482,02/36/2023,17:36:42,PLAT
sweden,1950,2009,Male,100,4,-458.57146203460087,02/36/2023,17:36:42,PLAT
sweden,1950,2009,Male,100,5,-469.16907331050425,02/36/2023,17:36:42,PLAT
sweden,1950,2009,Male,100,6,-483.68312365581374,02/36/2023,17:36:42,PLAT
sweden,1950,2009,Male,100,7,-486.62839916904966,02/36/2023,17:36:42,PLAT
sweden,1950,2009,Male,100,8,-548.2694462346334,02/36/2023,17:36:42,PLAT
sweden,1950,2009,Male,100,9,-523.1929675168217,02/36/2023,17:36:42,PLAT
sweden,1950,2009,Male,100,10,-561.8856792062343,02/36/2023,17:36:42,PLAT
sweden,1951,2010,Male,100,1,-417.70118872524785,02/38/2023,17:38:10,PLAT
sweden,1951,2010,Male,100,2,-432.1965332125007,02/38/2023,17:38:10,PLAT
sweden,1951,2010,Male,100,3,-454.4194649019752,02/38/2023,17:38:10,PLAT
sweden,1951,2010,Male,100,4,-466.2028395012078,02/38/2023,17:38:10,PLAT
sweden,1951,2010,Male,100,5,-484.95981336233774,02/38/2023,17:38:10,PLAT
sweden,1951,2010,Male,100,6,-485.3858909589538,02/38/2023,17:38:10,PLAT
sweden,1951,2010,Male,100,7,-551.1037862465253,02/38/2023,17:38:10,PLAT
sweden,1951,2010,Male,100,8,-524.9295178392705,02/38/2023,17:38:10,PLAT
sweden,1951,2010,Male,100,9,-562.4596181177292,02/38/2023,17:38:10,PLAT
sweden,1951,2010,Male,100,10,-523.2843675838972,02/38/2023,17:38:10,PLAT
sweden,1952,2011,Male,100,1,-420.84599114359384,02/39/2023,17:39:39,PLAT
sweden,1952,2011,Male,100,2,-435.17781375415524,02/39/2023,17:39:39,PLAT
sweden,1952,2011,Male,100,3,-443.5361139856198,02/39/2023,17:39:39,PLAT
sweden,1952,2011,Male,100,4,-459.5260644967633,02/39/2023,17:39:39,PLAT
sweden,1952,2011,Male,100,5,-464.1735048348705,02/39/2023,17:39:39,PLAT
sweden,1952,2011,Male,100,6,-522.290945230949,02/39/2023,17:39:39,PLAT
sweden,1952,2011,Male,100,7,-497.2650152068851,02/39/2023,17:39:39,PLAT
sweden,1952,2011,Male,100,8,-535.3580765185214,02/39/2023,17:39:39,PLAT
sweden,1952,2011,Male,100,9,-498.28192312885056,02/39/2023,17:39:39,PLAT
sweden,1952,2011,Male,100,10,-509.9295706622756,02/39/2023,17:39:39,PLAT
